asin,product_price,product_original_price,product_star_rating,product_num_ratings,product_num_offers,product_minimum_offer_price,is_best_seller,is_amazon_choice,is_prime,product_availability,climate_pledge_friendly,sales_volume,has_variations,clean_title,Brand,Product_Type,discount_percent
B0BQ118F2T,99,169.99,4,1319,16,69.88,FALSE,FALSE,TRUE,Only 1 left in stock - order soon.,FALSE,4K+ bought in past month,FALSE,moto g play 2023 3 day battery unlocked made for us 3/32gb 16mp camera navy blue,Motorola,Smartphone,41.76128008
B0CV2W1TKZ,153.99,153.99,4.2,186,4,147.5,FALSE,FALSE,TRUE,In Stock,FALSE,1K+ bought in past month,FALSE,samsung galaxy a15 sm 155m/dsn 128gb 6gb ram dual sim factory unlocked gsm international version ring grip case bundle light blue ,Samsung,Smartphone with bundle,0
B09SM24S8C,69,99.99,3.8,597,35,64.99,FALSE,FALSE,TRUE,In Stock,FALSE,2K+ bought in past month,TRUE,samsung galaxy a03s cell phone at&amp;t gsm unlocked android smartphone 32gb long lasting battery expandable storage 3 camera lenses infinite display black renewed ,Samsung,Smartphone,30.99309931
B0CHH1N9VY,49.99,49.99,4.2,2814,3,43.99,FALSE,FALSE,TRUE,In Stock,FALSE,500+ bought in past month,FALSE,tracfone motorola moto g pure locked 32gb 4000 mah battery 13 mp dual camera system 6.5&quot; max vision hd+ display blue,Motorola,Smartphone,0
B09T3MQSVP,88.09,98.27,3.8,1338,31,70.4,FALSE,FALSE,TRUE,In Stock,FALSE,500+ bought in past month,FALSE,samsung galaxy a13 5g cell phone at&amp;t gsm unlocked android smartphone 64gb long lasting battery expandable storage triple lens camera infinite display black renewed ,Samsung,Smartphone,10.35921441
B0BZG14KFJ,49.99,59.99,4.4,3843,3,25.19,FALSE,TRUE,TRUE,In Stock,FALSE,4K+ bought in past month,FALSE,panasonic cordless phone with answering machine advanced call block bilingual caller id and easy to read high contrast display expandable system with 2 handsets kx tgd832m metallic black ,Panasonic,Home Phone,16.66944491
B0C2SWQBMB,149.99,249.99,4.2,2637,8,100.72,FALSE,FALSE,TRUE,In Stock,FALSE,2K+ bought in past month,TRUE,motorola moto g 5g 2023 unlocked made for us 4/128gb 48 mpcamera ink blue 163.94x74.98x8.39,Motorola,Smartphone,40.00160006
B0CTD47P22,149.5,158,4.2,253,9,146.5,FALSE,FALSE,TRUE,In Stock,FALSE,500+ bought in past month,FALSE,samsung galaxy a15 a155m 128gb dual sim gsm unlocked android smartphone latin america version light blue,Samsung,Smartphone,5.379746835
B0CSB14R7J,139.99,139.99,4.3,573,15,136.62,FALSE,FALSE,TRUE,In Stock,FALSE,1K+ bought in past month,FALSE,samsung galaxy a15 a155m 128gb dual sim gsm unlocked android smartphone latin america version blue black,Samsung,Smartphone,0
B0CHK6LWKZ,59.99,59.99,4,258,4,50.48,FALSE,FALSE,TRUE,In Stock,FALSE,1K+ bought in past month,FALSE,tracfone samsung galaxy a03s locked 32gb 5000mah battery 48mp main camera 6.5 in. hd+infinity v display black,Samsung,Smartphone,0
B0C5BMB1WB,89,89,4,204,10,85.44,FALSE,FALSE,TRUE,In Stock,FALSE,1K+ bought in past month,FALSE,motorola one ace 2021 2 day battery unlocked made for us 4/64gb 48mp camera volcanic gray,Motorola,Smartphone,0
B0CRVWPWKP,195,195,4,259,15,164.5,FALSE,FALSE,TRUE,In Stock,FALSE,400+ bought in past month,TRUE,samsung galaxy a25 5g a256e 128gb dual sim gsm unlocked android smartphone latin variant/us compatible lte blue,Samsung,Smartphone,0
B0CN1QSH8Q,199.99,199.99,4,610,2,154,FALSE,FALSE,TRUE,In Stock,TRUE,2K+ bought in past month,TRUE,samsung galaxy a15 5g a series cell phone 128gb unlocked android smartphone amoled display expandable storage knox security super fast charging us version 2024 blue black,Samsung,Smartphone,0
B0C22BRGLG,249.99,299.99,4.3,963,5,209.28,FALSE,FALSE,TRUE,In Stock,FALSE,1K+ bought in past month,FALSE,oneplus nord n30 5g unlocked dual sim android smart phone 6.7&quot; lcd display 8 +128gb 5000 mah battery 50w fast charging 108mp camera chromatic gray,OnePlus,Smartphone,16.66722224
B09NZQJRN7,18.45,18.45,4.3,9096,2,13.84,FALSE,FALSE,TRUE,In Stock,FALSE,2K+ bought in past month,FALSE,vtech dect 6.0 cordless phone blue display big buttons speakerphone caller id easy wall mount 1000ft range white/grey,VTech,Home Phone,0
B09LKXHWCF,355.81,415,4.1,4265,20,303.99,FALSE,FALSE,FALSE,In Stock,TRUE,500+ bought in past month,TRUE,apple iphone 13 mini 128gb blue unlocked renewed ,Apple,iPhone,14.2626506
B085TCRFST,41.99,44.7,3.6,2048,7,29.7,FALSE,FALSE,TRUE,In Stock,FALSE,1K+ bought in past month,FALSE,alcatel 1 16gb 5.0&quot; full view display removable battery fm radio dual sim gsm unlocked us &amp; global 4g lte international version 5033e bluish black ,Alcatel,Smartphone,6.062639821
B096T6Y623,269.99,294,3.9,2362,69,244.99,FALSE,FALSE,TRUE,In Stock,TRUE,2K+ bought in past month,TRUE,samsung galaxy s21 ultra 5g us version 128gb phantom black unlocked renewed ,Samsung,Smartphone,8.166666667
B0CMDL3H3V,798,999.99,4.5,615,2,741.99,FALSE,FALSE,TRUE,In Stock,TRUE,1K+ bought in past month,TRUE,samsung galaxy s24+ plus cell phone 256gb ai smartphone unlocked android 50mp camera fastest processor long battery life us version 2024 onyx black,Samsung,Smartphone,20.19920199
B0CSB22F9C,149.94,149.94,4.1,874,14,123.7,FALSE,FALSE,TRUE,Only 6 left in stock - order soon.,FALSE,4K+ bought in past month,FALSE,samsung galaxy a15 sm 155m/dsn 128gb 6gb ram dual sim factory unlocked gsm international version wall charger bundle light blue ,Samsung,Charger,0
B0D5T7318W,99.99,99.99,3.6,17,6,98.97,FALSE,FALSE,TRUE,In Stock,FALSE,200+ bought in past month,FALSE,bold k10 2024 3 day battery unlocked 6.6” hd+ infinity display 128/4gb triple 50mp camera us version us warranty black,Not Famous brand,Other,0
B086QCGQ8C,78.95,78.95,4.3,27240,3,38.25,FALSE,FALSE,FALSE,In Stock,FALSE,3K+ bought in past month,FALSE,at&amp;t bl102 3 dect 6.0 3 handset cordless phone for home with answering machine call blocking caller id announcer audio assist intercom and unsurpassed range silver/black,Not Famous brand,Home Phone,0
B0CD99XXQY,499.99,599.99,4.5,1159,2,451.19,FALSE,FALSE,TRUE,In Stock,TRUE,200+ bought in past month,TRUE,samsung galaxy s23 fe ai phone 128gb unlocked android smartphone long battery life premium processor tough gorilla glass display hi res 50mp camera us version 2023 mint,Samsung,Smartphone,16.66694445
B0CSF1MRRR,89.99,129.99,3.9,92,5,79.99,FALSE,FALSE,TRUE,In Stock,FALSE,300+ bought in past month,FALSE,blu g63 2023 3 day battery unlocked 6.8” hd+ infinity display 128/4gb dual 13mp camera us version us warranty green,BLU,Other,30.77159782
B0CJCTW1C5,59.99,59.99,3.3,70,2,57.44,FALSE,FALSE,TRUE,In Stock,FALSE,1K+ bought in past month,FALSE,nokia c2 2e android 11 go edition unlocked smartphone all day battery 2/32gb 5.7 inch screen international version blue,Nokia,Smartphone,0
B08H8VZ6PV,159,159,4.3,2927,18,153.28,FALSE,FALSE,TRUE,In Stock,FALSE,500+ bought in past month,TRUE,google pixel 4a with 5g android phone new unlocked smartphone with night sight and ultrawide lens just black,Pixel,Smartphone,0
B01H1E3EAA,17.56,19.95,4.4,315,2,13.28,FALSE,FALSE,TRUE,In Stock,FALSE,900+ bought in past month,FALSE,at&amp;t trimline 213 corded home phone with extra big buttons &amp; visual ringer. no ac power required improved easy wall mount lighted keypad 10 speed dial keys volume control senior friendly. white,Not Famous brand,Holder,11.97994987
B08L34JQ9C,166.99,166.99,3.9,7272,53,134.85,FALSE,FALSE,TRUE,In Stock,TRUE,2K+ bought in past month,TRUE,samsung galaxy s20 fe 5g 128gb cloud navy unlocked renewed ,Samsung,Smartphone,0
B0CHH6X6H2,49.99,49.99,3.8,276,3,49.21,FALSE,FALSE,TRUE,In Stock,FALSE,1K+ bought in past month,FALSE,total by verizon samsung galaxy a03s locked 32gb 5000mah battery 48mp main camera 6.5 in. hd+infinity v display black,Not Famous brand,Smartphone,0
B0C7LNLS9P,24.99,24.99,4.3,160,1,24.99,FALSE,FALSE,FALSE,In Stock,FALSE,500+ bought in past month,FALSE,tracfone moto g pure 2021 32gb blue prepaid smartphone locked/renewed ,Motorola,Smartphone,0
B0BZ9XNBRB,344.95,499,4.3,2482,21,318,FALSE,FALSE,FALSE,In Stock,TRUE,1K+ bought in past month,TRUE,google pixel 7a unlocked android cell phone smartphone with wide angle lens and 24 hour battery 128 gb – charcoal,Pixel,Smartphone,30.87174349
B0CTD42NJZ,183.69,199,4.3,146,7,176.35,FALSE,FALSE,TRUE,In Stock,FALSE,1K+ bought in past month,FALSE,samsung galaxy a15 5g sm 156m/dsn 256gb 8gb ram dual sim factory unlocked gsm international version wall charger bundle light blue ,Samsung,Charger,7.693467337
B0DFB9SNBR,39,39,0,0,1,39,FALSE,FALSE,FALSE,In Stock,FALSE,50+ bought in past month,FALSE,tcl ion z unlock smartphone 4g lte 32gb black,TCL,Smartphone,0
B0D9N1517Y,158.99,158.99,4.7,7,1,158.99,FALSE,FALSE,FALSE,In Stock,FALSE,100+ bought in past month,FALSE,i14 pro max unlocked smartphone 6+256gb android 13.0 unlocked cell phones 6.82&quot; hd screen battery 6800mah with 128gb memory card/face id/fingerprint lock/dual sim 5g phone blue ,Not Famous brand,Smartphone,0
B09X7F2GCG,19.99,19.99,4,823,1,19.99,FALSE,FALSE,TRUE,In Stock,FALSE,1K+ bought in past month,FALSE,tracfone tcl flip 2 8gb black prepaid flip phone locked ,TCL,Flip Phone,0
B08PPDJWC8,232,232,4.1,13191,16,203.31,FALSE,FALSE,FALSE,In Stock,TRUE,2K+ bought in past month,TRUE,apple iphone 12 mini 64gb black unlocked renewed ,Apple,iPhone,0
B0CLHJZJZB,479.72,479.72,4.3,39,3,429.5,FALSE,FALSE,FALSE,Only 1 left in stock - order soon.,FALSE,50+ bought in past month,FALSE,samsung galaxy s23 fan edition fe 5g sm s711b/ds dual sim 256gb + 8gb factory unlocked international version no warranty purple ,Samsung,Smartphone,0
B08H8X23ZB,284.99,284.99,4.4,3432,6,149.95,FALSE,FALSE,TRUE,Only 9 left in stock - order soon.,FALSE,100+ bought in past month,TRUE,google pixel 5 5g android phone water resistant unlocked smartphone with night sight and ultrawide lens just black,Pixel,Smartphone,0
B0C1Q3MVBP,98.52,172,3.7,762,23,88.98,FALSE,FALSE,TRUE,In Stock,FALSE,2K+ bought in past month,FALSE,samsung galaxy a14 5g a series factory unlocked 64gb us version black renewed ,Samsung,Smartphone,42.72093023
B0CCT2BR1J,99.88,119.99,4.2,308,2,64.99,FALSE,FALSE,TRUE,In Stock,FALSE,200+ bought in past month,FALSE,tracfone samsung galaxy a14 5g locked 64gb 5000mah battery 50 mp triple camera system 6.6 in. fhd+ lcd display black,Samsung,Smartphone,16.75972998
B08VLMQ3KS,209.99,249,3.9,6272,5,164.99,FALSE,FALSE,FALSE,Only 20 left in stock - order soon.,TRUE,2K+ bought in past month,FALSE,samsung galaxy s21 5g us version 128gb phantom gray unlocked renewed ,Samsung,Smartphone,15.66666667
B0CGWF3F64,699.99,699.99,4,440,2,331.64,FALSE,FALSE,TRUE,In Stock,FALSE,200+ bought in past month,TRUE,motorola razr 2023 unlocked made for us 8/128 32mp camera summer lilac 73.95 x 170.82 x 7.35mm,Motorola,Smartphone,0
B07JMHLP7B,99.99,99.99,4.3,2151,3,49.52,FALSE,FALSE,TRUE,In Stock,FALSE,900+ bought in past month,FALSE,panasonic dect 6.0 expandable cordless phone system with answering machine and call blocking 3 handsets kx tge633m metallic black ,Panasonic,Home Phone,0
B088NQXD8T,128,156.86,4.3,18826,40,96.69,FALSE,FALSE,FALSE,In Stock,TRUE,2K+ bought in past month,TRUE,apple iphone se 2nd generation us version 64gb black unlocked renewed ,Apple,iPhone,18.39857198
B088MKVYTF,41.9,41.9,3.9,541,10,22.95,FALSE,FALSE,FALSE,In Stock,FALSE,500+ bought in past month,FALSE,alcatel smartflip 4052r 4g lte 4gb flip phone bluetooth wifi big buttons carrier locked to at&amp;t. phone is not unlocked volcano black,Alcatel,Flip Phone,0
B08PMYLKVF,387,521.01,4.2,10317,17,353.72,FALSE,FALSE,FALSE,Only 12 left in stock - order soon.,TRUE,1K+ bought in past month,TRUE,apple iphone 12 pro 128gb pacific blue fully unlocked renewed ,Apple,iPhone,25.72119537
B09YDMWFT1,96.26,124.56,4.1,313,10,89.22,FALSE,FALSE,FALSE,In Stock,FALSE,50+ bought in past month,FALSE,motorola moto edge 5g uw 256gb nebula blue for verizon renewed ,Motorola,Smartphone,22.71997431
B096T56NRH,358.99,358.99,4.1,855,14,283.95,FALSE,FALSE,TRUE,Only 8 left in stock - order soon.,TRUE,200+ bought in past month,FALSE,samsung galaxy s21 ultra 5g us version 256gb phantom black unlocked renewed ,Samsung,Smartphone,0
B08PNCYYVZ,287.3,314.99,4.1,25638,20,284.92,TRUE,FALSE,FALSE,Only 1 left in stock - order soon.,FALSE,2K+ bought in past month,TRUE,apple iphone 12 128gb black fully unlocked renewed ,Apple,iPhone,8.790755262
B0CMDLJR6K,114.28,114.28,4.4,424,1,114.28,FALSE,FALSE,TRUE,In Stock,TRUE,200+ bought in past month,FALSE,samsung galaxy s24 cell phone 256gb ai smartphone unlocked android 50mp camera fastest processor long battery life us version 2024 marble gray,Samsung,Smartphone,0
B0DC6L8DXL,9.99,19.99,4.3,158,1,9.99,FALSE,FALSE,TRUE,In Stock,FALSE,100+ bought in past month,FALSE,spidercase magnetic for iphone 16 plus case with 2 pcs [tempered glass screen protector] translucent matte back slim shockproof protective phone case for iphone 16 plus 6.7&#x27;&#x27; black,Not Famous brand,Case,50.02501251
B0BTFHM2GZ,159.99,179.99,4.3,1325,3,98.03,FALSE,FALSE,TRUE,In Stock,FALSE,1K+ bought in past month,FALSE,panasonic cordless phone with advanced call block link2cell bluetooth one ring scam alert and 2 way recording with answering machine 5 handsets kx tgf975b black with silver trim ,Panasonic,Home Phone,11.11172843
B09LNT1F3H,422,422,4.1,12051,29,305.96,FALSE,FALSE,FALSE,In Stock,TRUE,500+ bought in past month,TRUE,apple iphone 13 128gb red unlocked renewed ,Apple,iPhone,0
B08WHKF6RJ,229.95,229.95,4.1,2069,39,179,FALSE,FALSE,TRUE,In Stock,TRUE,1K+ bought in past month,FALSE,samsung galaxy s21+ 5g us version 128gb phantom black unlocked renewed ,Samsung,Smartphone,0
B08HH2LBHF,249.95,249.95,3.9,2074,25,224.93,FALSE,FALSE,FALSE,Only 4 left in stock - order soon.,TRUE,400+ bought in past month,FALSE,samsung galaxy s20 ultra 128gb cosmic black fully unlocked renewed ,Samsung,Smartphone,0
B0CV4NH5T9,349.99,399.99,4.4,266,3,313.91,FALSE,FALSE,TRUE,In Stock,TRUE,500+ bought in past month,TRUE,samsung galaxy a35 5g a series cell phone 128gb unlocked android smartphone amoled display advanced triple camera system expandable storage rugged design us version 2024 awesome lilac,Samsung,Smartphone,12.50031251
B09BTB5MKT,98.93,159.99,4.1,2079,7,80.04,FALSE,FALSE,TRUE,In Stock,FALSE,300+ bought in past month,TRUE,motorola moto g pure 2021 2 day battery unlocked made for us by motorola 3/32gb 13mp camera deep indigo,Motorola,Smartphone,38.16488531
B0BV5SV5HL,799.99,859.99,4.4,380,11,759.5,FALSE,FALSE,FALSE,In Stock,FALSE,400+ bought in past month,FALSE,samsung galaxy s23 ultra 5g sm s918b/ds dual sim 256gb rom 8gb ram gsm factory unlocked global model mobile cell phone phantom green ,Samsung,Smartphone,6.976825312
B092NTYZ78,19.89,24.99,4.2,5617,3,12.14,FALSE,FALSE,TRUE,In Stock,FALSE,1K+ bought in past month,FALSE,panasonic compact cordless phone with dect 6.0 1.6&quot; amber lcd and illuminated hs keypad call block caller id multiple display languages 1 handset kx tgb810s black/silver ,Panasonic,Home Phone,20.40816327
B07P6Y7954,187,187,4.4,64977,22,155.99,FALSE,FALSE,FALSE,In Stock,TRUE,2K+ bought in past month,TRUE,apple iphone xr 64gb black unlocked renewed ,Apple,iPhone,0
B09V5LDZQ4,225.62,379.99,4,1980,38,204,FALSE,FALSE,FALSE,Only 11 left in stock - order soon.,FALSE,2K+ bought in past month,TRUE,samsung galaxy s22 smartphone factory unlocked android cell phone 128gb 8k camera &amp; video brightest display long battery life fast 4nm processor us version phantom black renewed ,Samsung,Smartphone,40.62475328
B0CQ9SZJN6,549.99,599.99,4.4,397,2,493.11,FALSE,FALSE,TRUE,In Stock,FALSE,400+ bought in past month,TRUE,oneplus 12r 16gb ram+256gb dual sim us factory unlocked android smartphone 5500 mah battery 50mp camera 80w fast charging 2024 iron gray,OnePlus,Smartphone,8.333472225
B09SNPBN6B,179.99,199.99,4.2,10670,6,79.79,FALSE,FALSE,TRUE,Only 17 left in stock - order soon.,FALSE,List: ,TRUE,moto g power 2022 3 day battery unlocked made for us by motorola 4/64gb 50 mp camera dark grove,Motorola,Smartphone,10.00050003
B09LG4PSB6,152.93,478.98,4.1,1184,31,133.99,FALSE,FALSE,FALSE,Only 20 left in stock - order soon.,TRUE,500+ bought in past month,TRUE,samsung galaxy s20 fe 5g 128gb blue verizon renewed ,Samsung,Smartphone,68.07173577
B0CSB1GX4H,133,133,4.2,269,16,119.5,FALSE,FALSE,TRUE,In Stock,FALSE,500+ bought in past month,FALSE,samsung galaxy a15 a155m 128gb dual sim gsm unlocked android smartphone latin america version yellow,Samsung,Smartphone,0
B0BLZN9NDG,88.99,105,3.8,700,10,70,FALSE,FALSE,TRUE,In Stock,FALSE,500+ bought in past month,TRUE,samsung galaxy a04e sm a042m/ds dual sim 32gb 6.5&#x27;&#x27; gsm unlocked international version black,Samsung,Smartphone,15.24761905
B079Z792J7,69.72,69.72,4.2,2049,3,59.95,FALSE,FALSE,TRUE,In Stock,FALSE,200+ bought in past month,TRUE,motorola g6 – 32 gb – unlocked at&amp;t/sprint/t mobile/verizon – black u.s. warranty paae0000us,Motorola,Smartphone,0
B08WF93R89,238.99,849.99,4,1038,15,164.99,FALSE,FALSE,FALSE,Only 2 left in stock - order soon.,TRUE,400+ bought in past month,TRUE,samsung galaxy s21 5g us version 256gb phantom gray unlocked renewed ,Samsung,Smartphone,71.88319863
B09XP9FX25,169.99,189,3.9,411,14,127.16,FALSE,FALSE,FALSE,Only 3 left in stock - order soon.,FALSE,200+ bought in past month,FALSE,samsung galaxy a53 5g a series cell phone factory unlocked android smartphone 128gb 6.5” fhd super amoled screen long battery life us version black renewed ,Samsung,Smartphone,10.05820106
B0991J62ZY,85.99,85.99,3.8,1684,29,74.74,FALSE,FALSE,FALSE,Only 15 left in stock - order soon.,TRUE,1K+ bought in past month,TRUE,samsung galaxy a12 32gb 3gb 6.5&quot; hd+ quad camera 5000mah battery global 4g volte at&amp;t unlocked for t mobile verizon metro a125u black renewed ,Samsung,Smartphone,0
B0BDP9S53V,169.99,188,4,131,19,162.82,FALSE,FALSE,FALSE,In Stock,FALSE,50+ bought in past month,TRUE,samsung s21 fe 128gb gray tmobile renewed ,Samsung,Smartphone,9.579787234
B07T1LXD8P,187,187,4.3,383,8,169.99,FALSE,FALSE,FALSE,In Stock,TRUE,500+ bought in past month,FALSE,apple iphone xr fully unlocked 64 gb black renewed ,Apple,iPhone,0
B0CQ5C2274,142.49,142.49,4.1,1686,6,99.5,FALSE,FALSE,TRUE,In Stock,FALSE,400+ bought in past month,FALSE,samsung galaxy a15 sm a155f/dsn 128gb 4gb ram dual sim factory unlocked gsm international version wall charger bundle blue black ,Samsung,Charger,0
B0CSGK59ZB,99.99,99.99,4.4,131,4,74.99,FALSE,FALSE,TRUE,In Stock,FALSE,600+ bought in past month,FALSE,panasonic corded/cordless phone with advanced call block 2 way recording and digital answering machine 2 handsets expandable up to 6 cordless handsets kx tgf852b black ,Panasonic,Home Phone,0
B07C4WX72D,63.98,109.95,4,6350,23,29.95,FALSE,FALSE,FALSE,Only 10 left in stock - order soon.,FALSE,1K+ bought in past month,FALSE,vtech sn5147 amplified corded/cordless senior phone with answering machine call blocking 90db extra loud visual ringer one touch audio assist on handset up to 50db white,VTech,Home Phone,41.8099136
B09Z8P34NM,89.55,89.55,4,557,26,81.4,FALSE,FALSE,FALSE,Only 1 left in stock - order soon.,FALSE,1K+ bought in past month,FALSE,samsung galaxy a13 lte factory unlocked smartphone android cell phone water resistant 50mp camera us version 32gb black renewed ,Samsung,Smartphone,0
B0CYQ916ZY,399,499,4.2,400,2,383.04,FALSE,FALSE,TRUE,In Stock,TRUE,1K+ bought in past month,TRUE,google pixel 8a unlocked android phone with google ai advanced pixel camera and 24 hour battery obsidian 128 gb,Pixel,Smartphone,20.04008016
B07WRDT6DS,129.95,129.95,4,501,1,129.95,FALSE,FALSE,TRUE,In Stock,FALSE,100+ bought in past month,FALSE,motorola o212 dect 6.0 long range cordless phone wireless phones for home &amp; office phone with answering machine indoors and outdoors water &amp; dust resistant ip67 certified black 2 handsets,Motorola,Home Phone,0
B0CRFB8HW4,111.07,119.99,4,101,10,94.76,FALSE,FALSE,TRUE,In Stock,FALSE,500+ bought in past month,TRUE,samsung galaxy a05 128gb 4gb 6.7&quot; dual sim fully unlocked global 4g lte a055m/ds black ,Samsung,Smartphone,7.433952829
B09D2ZJLLV,89.97,89.97,4.4,382,14,79,FALSE,FALSE,TRUE,In Stock,FALSE,700+ bought in past month,FALSE,panasonic kx tg994 dect 6.0 bluetooth 4 handset phone bundle,Panasonic,Other,0
B0BZG31S2R,99.99,119.99,4.4,1332,7,46.2,FALSE,FALSE,TRUE,In Stock,FALSE,1K+ bought in past month,FALSE,panasonic cordless phone with answering machine link2cell bluetooth voice assistant and advanced call blocking expandable system with 4 handsets kx tgd864w white ,Panasonic,Home Phone,16.66805567
B0CMDRFVTL,859.99,859.99,4.4,424,2,724.02,FALSE,FALSE,TRUE,In Stock,TRUE,100+ bought in past month,TRUE,samsung galaxy s24 cell phone 256gb ai smartphone unlocked android 50mp camera fastest processor long battery life us version 2024 cobalt violet,Samsung,Smartphone,0
B0CTW8TXGH,49.99,49.99,4.3,49,1,49.99,FALSE,FALSE,TRUE,In Stock,FALSE,500+ bought in past month,FALSE,tracfone motorola moto g play 2024 locked 64gb 5000mah battery 50mp quad pixel camera 6.5 in. hd+ 90hz display sapphire blue,Motorola,Smartphone,0
B0CCSZZGT7,49.99,49.99,4,265,1,49.99,FALSE,FALSE,TRUE,In Stock,FALSE,400+ bought in past month,FALSE,tracfone motorola moto g play 32gb black prepaid smartphone locked ,Motorola,Smartphone,0
B00839N5O8,54.95,54.95,4.3,7887,2,36.84,FALSE,FALSE,TRUE,In Stock,FALSE,500+ bought in past month,FALSE,vtech cs6649 expandable corded/cordless phone system with answering system caller id/call waiting &amp; handset/base speakerphones,VTech,Home Phone,0
B0CV1FCLLR,103.12,149.99,3.8,37,7,102.96,FALSE,FALSE,TRUE,Only 6 left in stock - order soon.,FALSE,400+ bought in past month,TRUE,motorola moto g14 dual sim 2023 4g lte 4/128gb 6.5&quot;&quot; ips ldc display android 13 50mp rear camera 5000mah battery international model steel gray xt2341 2,Motorola,Smartphone,31.24874992
B0CQ5JGH2Y,799.99,899.99,4.5,506,2,715.67,FALSE,FALSE,TRUE,In Stock,FALSE,400+ bought in past month,FALSE,oneplus 12 16gb ram+512gb dual sim unlocked android smartphone supports 50w wireless charging latest mobile processor advanced hasselblad camera 5400 mah battery 2024 flowy emerald,OnePlus,Smartphone,11.11123457
B0CTBCDCDH,117.9,117.9,4.2,62,1,117.9,FALSE,FALSE,TRUE,In Stock,FALSE,200+ bought in past month,FALSE,samsung galaxy a05s a057m 128gb dual sim gsm unlocked android smartphone latin america version light violet,Samsung,Smartphone,0
B000050FZP,15.95,18.86,4.2,19530,49,8.61,FALSE,FALSE,TRUE,In Stock,FALSE,1K+ bought in past month,FALSE,at&amp;t 210 basic trimline corded phone no ac power required wall mountable white,Not Famous brand,Holder,15.42948038
B09R1RKWPM,16.14,16.95,4.3,2962,3,9.65,FALSE,FALSE,TRUE,In Stock,FALSE,1K+ bought in past month,FALSE,at&amp;t trimline 210 corded home phone no ac power required improved easy wall mount lighted big button keypad 13 speeddial keys last number redial mute flash volume control beige,Not Famous brand,Holder,4.778761062
B0BNMD2NLP,24.95,24.95,4.4,1293,3,14.85,FALSE,FALSE,TRUE,In Stock,FALSE,300+ bought in past month,FALSE,at&amp;t gl2101 dect 6.0 cordless home phone with call block caller id full duplex handset speakerphone 2&quot; white backlit display lighted keypad graphite &amp; black ,Not Famous brand,Home Phone,0
B0BBWDM8MC,99.99,99.99,3.3,172,2,56.08,FALSE,FALSE,TRUE,In Stock,FALSE,100+ bought in past month,FALSE,nokia g100 verizon t mobile at&amp;t android 12 unlocked smartphone 3 day battery us version 4/128gb 6.52 inch screen 13mp triple camera polar night,Nokia,Smartphone,0
B0D3LB85H2,299.99,299.99,3.8,31,1,299.99,FALSE,FALSE,TRUE,In Stock,FALSE, Normal or Less then normal sales ,TRUE,doogee s118 4g rugged smartphone unlocked mtk g99 android 14 20gb+512gb waterproof cell phone 6.58&quot; fhd+ 120hz 10800mah+ 33w 50mp rear+32mp front rugged phone dual sim/otg/gps/nfc black,Not Famous brand,Smartphone,0
B0CRWKVZVP,159.99,159.99,4.1,89,6,127.7,FALSE,FALSE,TRUE,Only 8 left in stock - order soon.,FALSE,500+ bought in past month,FALSE,samsung galaxy a15 5g 128gb 6.5&quot; gsm unlocked international model a156m/dsn blue black ,Samsung,Smartphone,0
B0CN1Q2X3B,249.99,299.99,3.4,262,2,164.31,FALSE,FALSE,TRUE,In Stock,FALSE,500+ bought in past month,FALSE,samsung galaxy a25 5g a series cell phone 128gb unlocked android smartphone amoled display advanced triple camera system expandable storage stereo speakers us version 2024 black,Samsung,Smartphone,16.66722224
B0CRWT7WF1,98,118.97,4,115,14,95.97,FALSE,FALSE,TRUE,In Stock,FALSE,500+ bought in past month,FALSE,samsung galaxy a05 a055m 64gb dual sim gsm unlocked android smartphone latin america version black,Samsung,Smartphone,17.62629234
B07ZHPCJW3,114.28,114.28,3.8,20,1,114.28,FALSE,FALSE,FALSE,In Stock,FALSE, Normal or Less then normal sales ,FALSE,oneplus 7t 8gb ram 128gb rom us model hd1905 factory unlocked 6.55 inch amoled 90hz display dual sim frosted silver us warranty,OnePlus,Smartphone,0
B07VCB7P1L,72.25,91,3.5,381,7,64.3,FALSE,FALSE,TRUE,In Stock,TRUE,50+ bought in past month,FALSE,kyocera duraforce pro 2 with sapphire shield e6910 black verizon renewed ,Not Famous brand,Other,20.6043956
B084KS5WYC,69.07,77,3.9,3440,26,68.95,FALSE,FALSE,FALSE,In Stock,TRUE,500+ bought in past month,FALSE,samsung galaxy a10e 32gb a102u gsm unlocked phone black renewed ,Samsung,Smartphone,10.2987013
B0CNL663BM,120,139,4.1,269,10,89.99,FALSE,FALSE,FALSE,In Stock,FALSE,1K+ bought in past month,FALSE,apple iphone 8 64gb unlocked gray,Apple,iPhone,13.66906475
B08NFCZGJF,68,68,3.8,310,2,67.89,FALSE,FALSE,TRUE,Only 20 left in stock - order soon.,TRUE,100+ bought in past month,FALSE,samsung galaxy a01 sm a015a 16gb 5.7” single sim android smartphone renewed black gsm unlocked ,Samsung,Smartphone,0
B092499CS7,46.49,65.95,4.3,7573,2,32.72,FALSE,FALSE,TRUE,In Stock,FALSE,300+ bought in past month,FALSE,at&amp;t cl82267 dect 6.0 2 handset cordless phone for home with answering machine call blocking caller id announcer intercom and long range black &amp; wood grain finish,Not Famous brand,Home Phone,29.50720243
B0D79Z15XR,174.99,174.99,0,0,1,174.99,FALSE,FALSE,TRUE,Only 8 left in stock - order soon.,FALSE, Normal or Less then normal sales ,FALSE,samsung galaxy a15 5g + 4g lte 256gb + 8gb unlocked t mobile mint tello &amp; global sm a156m/dsn dual sim warranty latin america 6.5&quot; 50mp triple + 15w wall charger blue/black 1 year latin ,Samsung,Charger,0
B0CF2PV74C,154.98,177,4.4,1073,6,139.5,FALSE,FALSE,TRUE,In Stock,FALSE,200+ bought in past month,FALSE,motorola moto g54 dual sim 256gb rom + 8gb ram only gsm no cdma factory unlocked 5g smartphone midnight blue international version,Motorola,Smartphone,12.44067797
B0CGTKM9WC,499,699,4.3,2391,5,475,FALSE,FALSE,TRUE,In Stock,TRUE,400+ bought in past month,TRUE,google pixel 8 unlocked android smartphone with advanced pixel camera 24 hour battery and powerful security hazel 128 gb,Pixel,Smartphone,28.61230329
B0CXTBZWQH,139.99,139.99,4.4,48,1,139.99,FALSE,FALSE,TRUE,In Stock,FALSE,50+ bought in past month,FALSE,doogee n55 android 14 cell phone 9gb+128gb expandable 1tb android phone 6.56&quot; hd+ 90hz unlocked cell phone 5150mah battery 13mp+8mp dual sim 4g phone face unlock otg/t mobile,Not Famous brand,Smartphone,0
B09VD33WHW,389,389,3.9,3876,34,339,FALSE,FALSE,FALSE,In Stock,FALSE,1K+ bought in past month,TRUE,samsung galaxy s22 ultra 5g unlocked 128gb black renewed ,Samsung,Smartphone,0
B0B8F1S1XG,51.6,65.95,4.3,574,6,27.67,FALSE,FALSE,TRUE,In Stock,FALSE,500+ bought in past month,FALSE,at&amp;t cl82219 dect 6.0 2 handset cordless phone for home with answering machine call blocking caller id announcer intercom and long range black,Not Famous brand,Home Phone,21.75890826
B0CD8YMKWC,559.99,659.99,4.5,1159,2,451.85,FALSE,FALSE,TRUE,In Stock,TRUE,100+ bought in past month,TRUE,samsung galaxy s23 fe cell phone 256gb unlocked android smartphone long battery life premium processor tough gorilla glass display hi res 50mp camera us version 2023 cream,Samsung,Smartphone,15.15174472
B0D96WTMNT,162.5,162.5,4.3,42,5,127.7,FALSE,FALSE,TRUE,Only 20 left in stock - order soon.,FALSE,500+ bought in past month,TRUE,samsung galaxy a15 5g sm 156m/dsn 128gb 6gb ram dual sim factory unlocked gsm international version wall charger bundle blue ,Samsung,Charger,0
B096YK3RN9,246,246,4,1340,21,187,FALSE,FALSE,FALSE,Only 5 left in stock - order soon.,TRUE,100+ bought in past month,TRUE,samsung galaxy s21+ plus g996u fully unlocked android cell phone us version 5g smartphone pro grade camera 8k video 64mp high res 128gb phantom silver renewed ,Samsung,Smartphone,0
B0BTTQGVVW,64.94,64.94,3.9,1492,9,49.9,FALSE,FALSE,FALSE,In Stock,FALSE,1K+ bought in past month,FALSE,cat s22 flip 16gb 2.8&quot; touchscreen android 11 ip68 water resistant 4g lte gsm t mobile unlocked for metropcs global black ,Not Famous brand,Flip Phone,0
B0BHHJV7W9,117.77,117.77,4.3,20608,4,57.19,FALSE,FALSE,TRUE,In Stock,FALSE,500+ bought in past month,FALSE,at&amp;t cl82507 dect 6.0 5 handset cordless phone for home with answering machine call blocking caller id announcer intercom and long range silver cl82507 ,Not Famous brand,Home Phone,0
B0DB88HK1Z,99.99,119.99,2.8,6,1,99.99,FALSE,FALSE,TRUE,In Stock,FALSE,List: ,TRUE,reno 11 pro unlocked android phone 6.7 inch hd lcd unlocked cell phone 8gb+256gb android 13 smartphone 6000 mah large battery unlocked phone 50mp+13mp camera dual sim rock grey ,Not Famous brand,Smartphone,16.66805567
B0BP8GMBPF,204.95,389,3.8,73,1,204.95,FALSE,FALSE,TRUE,In Stock,FALSE,200+ bought in past month,FALSE,oneplus 10t moonstone black 5g unlocked android smartphone u.s version 8gb ram+128gb storage renewed ,OnePlus,Smartphone,47.31362468
B0D6YZ4PQB,399.99,399.99,4.1,56,1,399.99,FALSE,FALSE,TRUE,In Stock,FALSE,50+ bought in past month,FALSE,cubot kingkong x rugged smartphone 5g 32gb ram+512gb rom cell phones 10200mah battery 100mp camera 6.58&quot; fhd+1.85&quot; dual screen ip68/ip69k phone unlocked 5g dual sim android 14 phone nfc/gps/otg,Not Famous brand,Smartphone,0
B0CBNMDSTH,62.99,62.99,3.6,15,1,62.99,FALSE,FALSE,FALSE,In Stock,FALSE, Normal or Less then normal sales ,FALSE,tcl flip 4056w 4gb 4g unlocked gsm flip phone for senior easy use gray,TCL,Flip Phone,0
B0BLD393H7,88,88,3.7,809,3,41.21,FALSE,FALSE,TRUE,In Stock,FALSE,1K+ bought in past month,TRUE,nokia 2780 flip unlocked kaios verizon at&amp;t t mobile blue,Nokia,Flip Phone,0
B07HB15NMK,106.08,106.08,4.3,18566,3,62.42,FALSE,FALSE,TRUE,In Stock,FALSE,100+ bought in past month,FALSE,at&amp;t el52513 5 handset cordless phone with answering system &amp; xl backlit keys,Not Famous brand,Home Phone,0
B0D6YZR64W,199.99,199.99,4.5,11,1,199.99,FALSE,FALSE,TRUE,In Stock,FALSE, Normal or Less then normal sales ,FALSE,doogee blade 10 rugged phone unlocked android 14 9gb+128gb/tf 2tb octa core rugged smartphone 6.56&quot; hd+ 90hz cell phone 16mp camera 4g dual sim ip68/ip69k waterproof phone widevine l1/gps/face id,Not Famous brand,Smartphone,0
B086R819LS,148.87,164.95,4.2,8627,5,51.94,FALSE,FALSE,TRUE,In Stock,FALSE,300+ bought in past month,FALSE,vtech is8151 5 super long range 5 handset dect 6.0 cordless phone for home with answering machine 2300 ft range call blocking bluetooth headset jack power backup intercom expandable to 12 hs,VTech,Home Phone,9.748408609
B0B8W377RV,172.49,172.49,3.9,982,7,139.85,FALSE,FALSE,FALSE,Only 1 left in stock - order soon.,FALSE,400+ bought in past month,TRUE,google pixel 6a 5g us version 128gb charcoal unlocked renewed ,Pixel,Smartphone,0
B08PMP778K,469.99,469.99,4.2,9355,8,449.99,FALSE,FALSE,TRUE,Only 2 left in stock - order soon.,TRUE,400+ bought in past month,TRUE,apple iphone 12 pro max 128gb pacific blue fully unlocked renewed ,Apple,iPhone,0
B0D897WH4K,199.99,199.99,4.1,21,1,199.99,FALSE,FALSE,TRUE,In Stock,FALSE,300+ bought in past month,FALSE,bold k50 5g 2024 3 day battery unlocked 6.7” fhd+ 3d amoled 256/8gb triple 64mp camera us version us warranty purple,Not Famous brand,Other,0
B0CKNHHZH1,51.99,51.99,3,83,1,51.99,FALSE,FALSE,TRUE,In Stock,FALSE, Normal or Less then normal sales ,TRUE,cheap smartphone， 5.0&#x27;&#x27; android 9.0 16gb rom extendable to 128gb dual sim dual camera wifi bluetooth gps basic mobile phones r10 purple ,Not Famous brand,Smartphone,0
B0D3F61948,143.99,143.99,4.3,90,1,143.99,FALSE,FALSE,TRUE,In Stock,FALSE,200+ bought in past month,TRUE,umidigi g9 5g cell phone android 14 unlocked phones 12 6+6 gb +128gb/1tb tf expand 5g dual sim 50mp camera 6.75&quot; hd+ 90hz display ai face &amp; fingerprint unlock 5000mah android phone green,Not Famous brand,Smartphone,0
B09RNBM76R,124.99,499.99,3.9,98,7,98.99,FALSE,FALSE,TRUE,In Stock,FALSE,100+ bought in past month,FALSE,samsung galaxy xcover6 pro 5g rugged ip68 rated unlocked verizon at&amp;t t mobile us cellular dual sim 1 nano + 1 esim 128gb us version 2022 model black sm g736uzkexaa ,Samsung,Case,75.00150003
B0C5B736X3,379.55,379.55,4.1,361,16,325.05,FALSE,FALSE,FALSE,Only 1 left in stock - order soon.,FALSE,500+ bought in past month,TRUE,samsung galaxy s23 5g factory unlocked 128gb phantom black renewed ,Samsung,Smartphone,0
B07Z6Q9NCZ,114.28,114.28,3.3,3035,1,114.28,FALSE,FALSE,FALSE,In Stock,FALSE,50+ bought in past month,FALSE,blu advance l5 2020 long lasting battery unlocked 4.0” display 16gb 5mp camera us warranty black,BLU,Other,0
B0D18SMB1X,1614.99,2019.99,4.1,83,10,1583.65,FALSE,FALSE,FALSE,Only 5 left in stock - order soon.,TRUE,300+ bought in past month,TRUE,samsung galaxy z fold 6 ai cell phone 512gb unlocked android smartphone circle to search handsfree live interpreter ai photo edits large screen 2024 us 1 yr manufacturer warranty silver shadow,Samsung,Smartphone,20.04960421
B0BCQXY9H8,499.95,499.95,4.2,2755,4,485,FALSE,FALSE,TRUE,In Stock,TRUE,50+ bought in past month,TRUE,google pixel 7 pro 5g android phone unlocked smartphone with telephoto wide angle lens and 24 hour battery 512gb snow,Pixel,Smartphone,0
B09ZRTQXQ7,94,179,4,171,21,77.67,FALSE,FALSE,TRUE,Only 13 left in stock - order soon.,FALSE,100+ bought in past month,FALSE,samsung galaxy a13 5g 64gb 4gb 6.5&quot; hd+ 50mp triple camera 5000mah battery 5g / 4g volte for t mobile metro sprint only a136u black renewed ,Samsung,Smartphone,47.48603352
B0CWLJSSSX,30.52,32.95,4.2,40734,2,19.99,FALSE,FALSE,TRUE,In Stock,FALSE,200+ bought in past month,FALSE,[new] vtech vg131 21 dect 6.0 2 handset cordless phone bluetooth connection blue white display big buttons full duplex speakerphone caller id easy wall mount 1000ft range black ,VTech,Home Phone,7.374810319
B08HBPXM97,159.99,199.75,3.8,275,7,125.98,FALSE,FALSE,FALSE,In Stock,TRUE,100+ bought in past month,FALSE,kyocera duraxv extreme e4810 verizon rugged lte flip basic cell phone camera gps black renewed ,Not Famous brand,Flip Phone,19.9048811
B08H7RJLM2,250,250,4.1,1968,27,223.95,FALSE,FALSE,FALSE,Only 15 left in stock - order soon.,TRUE,400+ bought in past month,FALSE,samsung galaxy s20 ultra 128gb cosmic gray fully unlocked renewed ,Samsung,Smartphone,0
B0CWWC2G6F,39.99,39.99,3.7,31,3,31.59,FALSE,FALSE,TRUE,In Stock,FALSE,400+ bought in past month,FALSE,nokia 110 4g dual sim gsm unlocked mobile phone volte blue international version not at&amp;t/cricket/verizon compatible,Nokia,Smartphone,0
B0BKZDZ63C,35.97,35.97,4.3,192,2,33.27,FALSE,FALSE,TRUE,In Stock,FALSE,200+ bought in past month,FALSE,traditional red landline phone retro corded telephone with message indicator classic 2500 analog desk phone vintage corded desk telephone large button old red telephone landline for school home,Not Famous brand,Home Phone,0
B09GBLFSB2,273.99,273.99,3.9,1574,11,204.99,FALSE,FALSE,FALSE,Only 9 left in stock - order soon.,TRUE,200+ bought in past month,FALSE,samsung galaxy z flip 3 5g factory unlocked android cell phone us version smartphone flex mode intuitive camera compact 128gb storage us warranty phantom black renewed ,Samsung,Flip Phone,0
B09MMLPD1L,75.05,75.05,4,84,3,50,FALSE,FALSE,TRUE,In Stock,FALSE,200+ bought in past month,FALSE,motorola moto one 5g uw ace 64gb volcanic grey verizon ,Motorola,Smartphone,0
B088BF7ZDL,76.95,76.95,4.2,6801,3,34.68,FALSE,FALSE,TRUE,In Stock,FALSE,300+ bought in past month,FALSE,at&amp;t dl72319 dect 6.0 3 handset cordless phone for home with connect to cell call blocking 1.8&quot; backlit screen big buttons intercom and unsurpassed range,Not Famous brand,Home Phone,0
B09TG89P52,270.74,270.74,4.2,1804,3,192.55,FALSE,FALSE,TRUE,In Stock,FALSE,100+ bought in past month,TRUE,motorola edge + 2022 4800mah battery unlocked made for us 8/512gb 50mp camera cosmos blue,Motorola,Smartphone,0
B08L9MY937,145,166,4,1769,16,111.1,FALSE,FALSE,TRUE,In Stock,TRUE,300+ bought in past month,FALSE,samsung galaxy a71 a716u 5g fully unlocked 128gb prism cube black renewed ,Samsung,Smartphone,12.65060241
B00WHYS81A,65.95,65.95,4.3,26175,3,35.25,FALSE,FALSE,TRUE,In Stock,FALSE,300+ bought in past month,FALSE,vtech cs6529 3 3 handset expandable cordless phone with answering system caller id/call waiting &amp; backlit display/keypad silver,VTech,Home Phone,0
B09BM2FZ3M,74,84.37,4.1,385,16,70,FALSE,FALSE,TRUE,In Stock,TRUE,500+ bought in past month,FALSE,oneplus nord n200 5g for t mobile u.s version 6.49&quot; full hd+lcd screen 90hz smooth display large 5000mah battery fast charging 64gb storage triple camera t mobile renewed ,OnePlus,Smartphone,12.29109873
B084HM9YWW,209,222.07,4.2,52783,1,209,FALSE,FALSE,FALSE,Only 7 left in stock - order soon.,TRUE,100+ bought in past month,TRUE,apple iphone 11 us version 64gb black t mobile renewed ,Apple,iPhone,5.885531589
B0764KJ4RK,49.85,49.85,4.4,13525,3,17.57,FALSE,FALSE,TRUE,In Stock,FALSE,400+ bought in past month,FALSE,at&amp;t cd4930 corded phone with digital answering system and caller id extra large tilt display &amp; buttons black,Not Famous brand,Other,0
B08KSGND8P,149.85,149.85,4.2,187,14,139.99,FALSE,FALSE,FALSE,Only 3 left in stock - order soon.,TRUE,500+ bought in past month,FALSE,samsung galaxy s10 128gb 6.1&quot; 4g lte unlocked prism black renewed ,Samsung,Smartphone,0
B08HKRVZ4W,225,598.98,4.3,940,19,190.95,FALSE,FALSE,FALSE,In Stock,TRUE,400+ bought in past month,TRUE,samsung galaxy note 20 5g 128gb 8gb 6.7&quot; amoled+ snapdragon 865 global 5g volte fully unlocked for at&amp;t verizon sprint metro n981u mystic bronze renewed ,Samsung,Smartphone,62.43614144
B00FRS8UKM,20.23,21.95,4.4,37768,6,10.99,FALSE,FALSE,TRUE,In Stock,FALSE,300+ bought in past month,FALSE,vtech cs6719 16 dect 6.0 phone with caller id/call waiting 1 cordless handset red,VTech,Home Phone,7.835990888
B0BSQXLQNK,89.98,89.98,4,575,3,67.7,FALSE,FALSE,FALSE,Only 1 left in stock - order soon.,FALSE,100+ bought in past month,FALSE,motorola moto e13 dual sim 64gb rom + 2gb ram factory unlocked 4g smartphone cosmic black international version,Motorola,Smartphone,0
B0BF8C19NJ,55.04,55.04,4.3,17629,3,29.65,FALSE,FALSE,TRUE,In Stock,FALSE,700+ bought in past month,FALSE,at&amp;t el51303 3 handset dect 6.0 cordless home phone full duplex handset speakerphone backlit display lighted keypad caller id/call waiting phonebook eco mode voicemail key quiet mode intercom silver,Not Famous brand,Home Phone,0
B0CQ88L871,402,402,4.5,752,11,359.5,FALSE,FALSE,TRUE,Only 10 left in stock - order soon.,FALSE,50+ bought in past month,TRUE,nothing phone 2a smartphone unlocked 5g android phone dimensity 7200 pro 50mp dual camera 6.7&#x27;&#x27; amoled display 5000mah battery nfc milk 12+256gb ,Not Famous brand,Smartphone,0
B08FRTH1KJ,199.99,199.99,4.1,3066,23,169,FALSE,FALSE,FALSE,Only 6 left in stock - order soon.,TRUE,200+ bought in past month,TRUE,samsung s20+128gb cloud blue unlocked renewed ,Samsung,Smartphone,0
B07BZV9DST,96.87,109.95,4.1,1173,21,36.35,FALSE,FALSE,TRUE,In Stock,FALSE,600+ bought in past month,FALSE,vtech ds6151 2 2 handset 2 line cordless phone system for home or small business with digital answering system &amp; mailbox on each line silver,VTech,Home Phone,11.89631651
B0BZK41SXZ,79.99,79.99,4.3,833,3,37.25,FALSE,FALSE,TRUE,In Stock,FALSE,300+ bought in past month,FALSE,panasonic cordless phone with advanced call block bilingual caller id and easy to read large high contrast display expandable system with 3 handsets kx tgd813b black ,Panasonic,Home Phone,0
B0CMPLN52T,620.05,661.99,4.4,566,21,615.99,FALSE,FALSE,FALSE,Only 1 left in stock - order soon.,FALSE,200+ bought in past month,TRUE,apple iphone 15 128gb pink unlocked renewed ,Apple,iPhone,6.335443134
B0CCT2VXHC,14.99,14.99,3.7,60,1,14.99,FALSE,FALSE,TRUE,In Stock,FALSE,500+ bought in past month,FALSE,tracfone nokia 2760 flip 4gb black prepaid feature phone locked renewed ,Nokia,Flip Phone,0
B08CFSZLQ4,159.99,179.99,4.5,10417,15,149.99,FALSE,FALSE,FALSE,In Stock,TRUE,200+ bought in past month,TRUE,google pixel 4a unlocked android smartphone 128 gb of storage up to 24 hour battery just black,Pixel,Smartphone,11.11172843
B0CZ9SYQGY,69.99,69.99,4.3,434,4,48.03,FALSE,FALSE,TRUE,In Stock,FALSE,400+ bought in past month,FALSE,panasonic cordless phone easy to use with large display and big buttons flashing favorites key built in flashlight call block volume boost talking caller id 2 cordless handsets kx tgu432w,Panasonic,Home Phone,0
B09BFRV59N,319.95,348.28,4.5,14909,1,319.95,FALSE,FALSE,TRUE,Only 4 left in stock - order soon.,TRUE,200+ bought in past month,TRUE,samsung galaxy s21 fe 5g cell phone factory unlocked android smartphone 128gb 120hz display screen pro grade camera all day intelligent battery us version 2022 white,Samsung,Smartphone,8.134259791
B08Y727NMK,188.89,599.99,4.2,1039,1,188.89,FALSE,FALSE,TRUE,In Stock,FALSE,200+ bought in past month,TRUE,oneplus 9 winter mist 5g unlocked android smartphone u.s version 8gb ram+128gb storage 120hz fluid display hasselblad triple camera 65w ultra fast charge 15w wireless charge with alexa built in,OnePlus,Smartphone,68.51780863
B09Q7JLN13,39.99,49.99,3,58,1,39.99,FALSE,FALSE,TRUE,In Stock,TRUE,50+ bought in past month,FALSE,simbros radiant core phone at&amp;t unlocked u304aa 4g 5.5in 16gb smart phone simkey unlocked to work on all gsm carriers like at&amp;t t mobile &amp; cricket not for verizon,Not Famous brand,Other,20.0040008
B0CL7RDZXD,54.99,54.99,3.3,679,2,44.99,FALSE,FALSE,TRUE,In Stock,FALSE,100+ bought in past month,TRUE,blu c5 max unlocked 5.7” hd+ display 5mp camera red 32gb ,BLU,Other,0
B0D9927L49,144.99,144.99,3.5,11,6,143.54,FALSE,FALSE,TRUE,In Stock,FALSE,500+ bought in past month,FALSE,motorola moto g power 5g 2023 unlocked made for us 4/128gb 50 mpcamera mineral black,Motorola,Smartphone,0
B0C2G7GQ6H,379.5,379.5,4,380,3,319.99,FALSE,FALSE,TRUE,In Stock,TRUE,400+ bought in past month,FALSE,samsung galaxy a54 5g 256gb + 8gb unlocked worldwide dual sim 6.4&quot; 120hz 50mp triple cam black ,Samsung,Smartphone,0
B01LZV2HVG,103.76,119.99,4.3,1452,25,49.99,FALSE,FALSE,TRUE,In Stock,FALSE,300+ bought in past month,FALSE,panasonic amplified cordless phone with slow talk 40db volume boost 100db loud visual ringer hearing aid compatibility large screen and backlit keypad kx tgm420w 1 handset white ,Panasonic,Home Phone,13.52612718
B00V5ZJXNE,139.95,139.95,4.4,2038,4,92.89,FALSE,FALSE,TRUE,In Stock,FALSE,100+ bought in past month,FALSE,panasonic corded/cordless phone system with answering machine and one touch call blocking – 3 handsets kx tgf353n champagne gold ,Panasonic,Home Phone,0
B07D2BHBYR,76.95,88.14,4.4,5154,5,32.95,FALSE,FALSE,TRUE,In Stock,FALSE,200+ bought in past month,FALSE,at&amp;t cl84107 dect 6.0 expandable corded/cordless phone with smart call blocker black/silver with 1 handset,Not Famous brand,Home Phone,12.69571137
B088XZFKJ5,91.75,199.95,3.9,641,17,56.1,FALSE,FALSE,FALSE,Only 3 left in stock - order soon.,TRUE,100+ bought in past month,FALSE,samsung galaxy a20 32gb 6.4&quot; display a205u black unlocked smartphone renewed ,Samsung,Smartphone,54.11352838
B0CBNLS6BD,169.99,169.99,4.3,1240,7,74.63,FALSE,FALSE,TRUE,In Stock,FALSE,200+ bought in past month,FALSE,motorola moto g stylus 2022 2 day battery unlocked made for us 4/128gb 50mp camera twilight blue 4g ram 4g/3g cellular technology,Motorola,Smartphone,0
B07H8PXT7K,183,198,4.3,3281,6,156,FALSE,FALSE,FALSE,In Stock,TRUE,100+ bought in past month,FALSE,samsung galaxy note 9 128gb lavender purple unlocked renewed ,Samsung,Smartphone,7.575757576
B0D1ZFS9GH,349.99,399.99,4.3,55,3,335.72,FALSE,FALSE,TRUE,In Stock,FALSE,400+ bought in past month,FALSE,moto g stylus 5g 2024 unlocked made for us 8/256gb 50mp camera caramel latte,Motorola,Smartphone,12.50031251
B08HHT4XTS,344,344,4.1,1866,22,294,FALSE,FALSE,TRUE,Only 5 left in stock - order soon.,TRUE,400+ bought in past month,TRUE,samsung electronics galaxy note 20 ultra 5g factory unlocked android cell phone us version 128gb of storage mobile gaming smartphone mystic bronze sm n986uznaxaa renewed ,Samsung,Smartphone,0
B0CMDKX76Q,859.99,859.99,4.4,424,1,859.99,FALSE,FALSE,TRUE,In Stock,TRUE,50+ bought in past month,FALSE,samsung galaxy s24 cell phone 256gb ai smartphone unlocked android 50mp camera fastest processor long battery life us version 2024 amber yellow,Samsung,Smartphone,0
B0DCVTQBHL,21.99,21.99,5,2,1,21.99,FALSE,FALSE,TRUE,In Stock,FALSE, Normal or Less then normal sales ,FALSE,magnetic for iphone 16 case [compatible with magsafe][military grade drop protection] anti fingerprint translucent matte shockproof protective case for iphone 16 phone case 6.1&quot; deep purple,iPhone,Case,0
B0CKXNCDXY,169,169,3.5,124,4,119.99,FALSE,FALSE,TRUE,Only 14 left in stock - order soon.,FALSE,100+ bought in past month,FALSE,cat s62 rugged cell phone unlocked 128gb 4gb 5.7&quot; ip68 waterproof android smartphone 12mp dual camera all day battery nfc fingerprint unlock snapdragon 660 nano slot black new,Not Famous brand,Smartphone,0
B0CHN7M531,1299.99,1699.99,4.1,218,4,1138.07,FALSE,FALSE,TRUE,In Stock,FALSE,200+ bought in past month,TRUE,oneplus open 16gb ram+512gb dual sim voyager black us factory unlocked android smartphone 4805 mah battery 67w fast charging hasselblad camera 120hz fluid display,OnePlus,Smartphone,23.52955017
B0CHDSGLCF,119.99,119.99,4,210,1,119.99,FALSE,FALSE,TRUE,In Stock,FALSE,100+ bought in past month,TRUE,nuu a15 cell phone 4gb + 128gb unlocked for mint metro t mobile qlink and more perfect for teenagers dual sim 4g octa core helio g36 2.2ghz 6.5&quot; hd+ android 13 purple us warranty,Not Famous brand,Smartphone,0
B0CLHHNWZQ,473.5,473.5,4.2,99,1,473.5,FALSE,FALSE,FALSE,Only 3 left in stock - order soon.,FALSE,50+ bought in past month,TRUE,samsung galaxy s23 fe s711b 256gb dual sim gsm unlocked android smartphone graphite,Samsung,Smartphone,0
B00NCUVOB4,229,229,4.1,1018,8,135.62,FALSE,FALSE,TRUE,In Stock,FALSE,300+ bought in past month,FALSE,panasonic 2 line corded/cordless phone system with 2 handsets answering machine link2cell 3 way conference call block long range dect 6.0 bluetooth kx tg9582b black ,Panasonic,Home Phone,0
B0DCQX683H,69.99,69.99,0,0,2,68.49,FALSE,FALSE,FALSE,In Stock,FALSE,More Buying Choices,FALSE,motorola one 5g uw ace 64gb 4gb 6.7&quot; snapdragon 750g 5000mah battery us model only for verizon visable straight talk total xfinity xt21131pp w/fast charger volcanic grey ,Motorola,Charger,0
B0CJCVV96Z,59.99,59.99,3.2,18,2,59.39,FALSE,FALSE,TRUE,In Stock,FALSE,50+ bought in past month,FALSE,nokia c2 2e android 11 go edition unlocked smartphone all day battery dual sim 2/32gb 5.7 inch screen international version blue,Nokia,Smartphone,0
B0CCSF3WML,83,98.99,3.8,67,4,82.17,FALSE,FALSE,FALSE,In Stock,FALSE,200+ bought in past month,FALSE,straight talk apple iphone 7 32gb silver,Apple,iPhone,16.15314678
B0CCT22SDM,69.99,69.99,4.1,161,1,69.99,FALSE,FALSE,TRUE,Only 13 left in stock (more on the way).,FALSE,300+ bought in past month,FALSE,total by verizon samsung galaxy a14 5g 64gb black prepaid smartphone locked ,Not Famous brand,Smartphone,0
B07TWYLQM7,99.99,99.99,3.6,232,1,99.99,FALSE,FALSE,FALSE,In Stock,TRUE,100+ bought in past month,FALSE,apple iphone se 32gb gray unlocked 1st gen 2016 att tmobile,Apple,iPhone,0
B0D7SBL8PJ,99.99,99.99,5,4,1,99.99,FALSE,FALSE,FALSE,In Stock,FALSE,50+ bought in past month,TRUE,x40 unlocked 5g cell phones 2024 android 13 mobile phones with 24mp+50mp camera 8gb+256gb 8 core smartphone 6.7&quot; hd screen 6200 mah long battery smartphone dual sim adnroid phone elegant black ,Not Famous brand,Smartphone,0
B09V1NGFN4,235.9,250,4,807,27,199.5,FALSE,FALSE,FALSE,In Stock,TRUE,400+ bought in past month,TRUE,samsung galaxy s22 128 gb green,Samsung,Smartphone,5.64
B0CHH6QWS1,49.99,49.99,4.2,248,1,49.99,FALSE,FALSE,TRUE,In Stock,FALSE,100+ bought in past month,FALSE,simple mobile motorola moto g pure locked 32gb 4000 mah battery 13 mp dual camera system 6.5&quot; max vision hd+ display blue,Motorola,Smartphone,0
B06X1B444W,98.25,109.99,4.1,2542,25,34.63,FALSE,FALSE,TRUE,In Stock,FALSE,200+ bought in past month,FALSE,vtech connect to cell ds6771 3 dect 6.0 cordless phone black silver 6.9&quot; x 4&quot; x 6.6&quot;,VTech,Home Phone,10.67369761
B01K5N4QEM,31.49,34.99,4.3,2060,21,14.19,FALSE,FALSE,TRUE,In Stock,FALSE,100+ bought in past month,FALSE,panasonic expandable cordless phone system with amber backlit display and call block – 1 handset – kx tgc350b black ,Panasonic,Home Phone,10.00285796
B0929127RH,76.56,80.58,4.2,4051,3,48.26,FALSE,FALSE,TRUE,In Stock,FALSE,300+ bought in past month,FALSE,vtech is8121 3 super long range up to 2300 feet dect 6.0 bluetooth 3 handset cordless phone for home with answering machine call blocking connect to cell intercom and expandable to 5 handsets,VTech,Home Phone,4.988830975
B0DDMGMZY1,7.99,7.99,4.8,20,1,7.99,FALSE,FALSE,TRUE,In Stock,TRUE,50+ bought in past month,FALSE,team luxury for iphone 15 case [military grade protection] scratch resistant back shockproof phone case for iphone 15 6.1” black/black ,Not Famous brand,Case,0
B0CHYBX2L4,169.99,199.99,4.1,214,1,169.99,FALSE,FALSE,TRUE,Only 16 left in stock - order soon.,FALSE,50+ bought in past month,FALSE,blackview rugged smartphone unlocked 2023 bv6200 rugged phones 13000mah battery 18w fast charge android 13 8gb+64gb/2tb expand waterproof mobile phones three card slots 6.56&quot; display t mobile,Not Famous brand,Smartphone,15.00075004
B0858974Q2,69,74.99,3.8,1199,16,67.69,FALSE,FALSE,FALSE,Only 13 left in stock - order soon.,TRUE,50+ bought in past month,TRUE,samsung galaxy a10e gsm unlocked not cdma 32gb smartphone black renewed ,Samsung,Smartphone,7.987731698
B0757B9VFG,149.95,164.95,4.3,1161,6,55.94,FALSE,FALSE,TRUE,In Stock,FALSE,300+ bought in past month,FALSE,vtech am18447 main console 4 line expandable small business office phone system with answering machine intercom auto attendant &amp; music on hold black,VTech,Other,9.093664747
B0D6YWSJ1B,279.99,279.99,5,14,1,279.99,FALSE,FALSE,TRUE,In Stock,FALSE,50+ bought in past month,FALSE,doogee blade 10 ultra rugged smartphone 20gb ram+256gb rom rugged phone unlocked android 14 6.56&#x27;&#x27;90hz display 50mp camera ip68/ip69k waterproof phones face id/nfc/gps/otg,Not Famous brand,Smartphone,0
B08GPJYY54,119.95,142.95,4,1910,2,75.26,FALSE,FALSE,TRUE,In Stock,FALSE,100+ bought in past month,FALSE,vtech vs113 5 extended range 5 handset cordless phone for home with call blocking connect to cell bluetooth 2&quot; backlit screen big buttons and answering system silver &amp; black,VTech,Home Phone,16.0895418
B0CKXL587M,64.89,64.89,3.7,402,1,64.89,FALSE,FALSE,TRUE,In Stock,FALSE,500+ bought in past month,FALSE,cat s22 rugged flip phone 16gb 2.8&quot; touchscreen smart cell phone android 11 ip68 water resistant t mobile 4g lte gsm single nano slot compatible with t mobile new ,Not Famous brand,Flip Phone,0
B003BNY7QG,70.32,87.95,4.3,1082,83,40.32,FALSE,FALSE,TRUE,In Stock,FALSE,200+ bought in past month,FALSE,at&amp;t ml17939 2 line corded telephone with digital answering system and caller id/call waiting black/silver,Not Famous brand,Other,20.04548039
B07MQVW2T6,39.99,39.99,3.4,362,9,28.73,FALSE,FALSE,TRUE,Only 2 left in stock - order soon.,FALSE,50+ bought in past month,FALSE,prepaid at&amp;t axia 4g lte 16gb android 8.1 lcd 5.5&quot;,Not Famous brand,Smartphone,0
B09DDCGFGJ,34.49,34.49,4.3,5343,12,17.24,FALSE,FALSE,TRUE,In Stock,FALSE,100+ bought in past month,FALSE,panasonic cordless phone system expandable home phone with call blocking bilingual caller id and high contrast display 1 handset kx tgd610b black ,Panasonic,Home Phone,0
B08H85VZNX,130,159.99,4,1204,11,109.85,FALSE,FALSE,FALSE,Only 2 left in stock - order soon.,TRUE,50+ bought in past month,FALSE,google pixel 4a smartphone 128gb storage &amp; unlocked cellular just black renewed ,Pixel,Smartphone,18.74492156
B0CJB9FW71,114.99,114.99,3.9,165,4,40,FALSE,FALSE,TRUE,In Stock,FALSE,More Buying Choices,TRUE,blu g73 2023 3 day battery unlocked 6.8” hd+ infinity display 128/6gb triple 50mp camera us version us warranty blue,BLU,Other,0
B09R6FJWWS,114.28,114.28,4.3,4495,1,114.28,FALSE,FALSE,FALSE,In Stock,TRUE, Normal or Less then normal sales ,FALSE,samsung galaxy a53 5g a series cell phone factory unlocked android smartphone 128gb 6.5” fhd super amoled screen long battery life us version black,Samsung,Smartphone,0
B007P8DMBE,95.53,119.95,4.1,836,49,38.11,FALSE,FALSE,TRUE,In Stock,FALSE,100+ bought in past month,FALSE,at&amp;t tl88102 dect 6.0 2 line expandable cordless phone with answering system and dual caller id/call waiting 1 handset silver/black,Not Famous brand,Home Phone,20.3584827
B07X4B9G32,80.29,94.79,4.2,795,8,64.57,FALSE,FALSE,FALSE,Only 19 left in stock - order soon.,TRUE,100+ bought in past month,FALSE,moto z4 for verizon 128 gb flash gray renewed ,Motorola,Smartphone,15.29697225
B08HVXC89J,47.99,79.99,4,3219,11,44.34,FALSE,FALSE,TRUE,In Stock,FALSE,300+ bought in past month,TRUE,lively jitterbug flip2 flip cell phone for seniors not compatible with other wireless carriers must be activated phone plan graphite,Not Famous brand,Flip Phone,40.00500063
B09X7G4FT4,159.99,159.99,4.3,860,2,72.76,FALSE,FALSE,TRUE,Only 11 left in stock - order soon.,FALSE,100+ bought in past month,FALSE,tracfone samsung galaxy a13 5g 64gb black prepaid smartphone locked ,Samsung,Smartphone,0
B0D485PQTD,125,125,5,1,1,125,FALSE,FALSE,TRUE,In Stock,FALSE, Normal or Less then normal sales ,TRUE,samsung galaxy a05s sm a057m/ds 128gb 4gb ram dual sim factory unlocked gsm international version case bundle light violet ,Samsung,Smartphone with bundle,0
B08FRS3R32,249.7,349,3.7,305,8,213.91,FALSE,FALSE,TRUE,Only 1 left in stock - order soon.,FALSE,200+ bought in past month,TRUE,samsung galaxy s20+ plus 5g factory unlocked android cell phone sm g986u us version 128gb fingerprint id &amp; facial recognition long lasting battery cosmic black 128gb ,Samsung,Smartphone,28.45272206
B0D7ZWSVGB,289,289,4.2,9,1,289,FALSE,FALSE,TRUE,In Stock,FALSE,100+ bought in past month,TRUE,cmf phone 1 8+256gb unlocked smartphone with 50 mp rear camera with ultra xdr 6 67&quot; super amoled display and nothing os 2.6 light green,Not Famous brand,Smartphone,0
B0845ZVJW3,264.95,299.99,4.2,2949,14,217.95,FALSE,FALSE,FALSE,Only 2 left in stock - order soon.,TRUE,200+ bought in past month,FALSE,samsung galaxy note 10+ 256gb aura black fully unlocked renewed ,Samsung,Smartphone,11.68038935
B09KMH4G81,124,124,4.1,341,6,80,FALSE,FALSE,FALSE,Only 2 left in stock - order soon.,TRUE,50+ bought in past month,FALSE,samsung galaxy a42 5g 128gb prism dot black for verizon renewed ,Samsung,Smartphone,0
B0D19B2D19,944.96,1219.99,4.2,93,8,899.99,FALSE,FALSE,FALSE,In Stock,TRUE,300+ bought in past month,TRUE,samsung galaxy z flip 6 ai cell phone 512gb unlocked android smartphone flexcam photo assist camcorder mode live interpreter foldable design 2024 us 1 yr manufacturer warranty silver shadow,Samsung,Flip Phone,22.54362741
B08R61G69Q,135,159,3.8,866,10,128.95,FALSE,FALSE,FALSE,Only 4 left in stock - order soon.,TRUE,100+ bought in past month,FALSE,google pixel 4a with 5g 6.2&quot; 128gb 6gb ram unlocked cellular just black renewed ,Pixel,Smartphone,15.09433962
B0CHLFVL28,113.87,113.87,3.6,21,11,95.09,FALSE,FALSE,FALSE,Only 7 left in stock - order soon.,FALSE,More Buying Choices,FALSE,motorola moto g stylus 5g/ 128gb stainless steel blue w/ 50mp camera verizon renewed ,Motorola,Smartphone,0
B07R5CJDD7,139.99,479,4.3,4559,20,109.9,FALSE,FALSE,TRUE,In Stock,FALSE,List: ,TRUE,google pixel 3a x large with 64gb memory cell phone unlocked just black g020c ,Pixel,Smartphone,70.77453027
B0BDY7QHXS,197,197,4.3,1827,15,177.95,FALSE,FALSE,FALSE,In Stock,FALSE,50+ bought in past month,TRUE,apple iphone se 3rd gen 64gb midnight t mobile renewed ,Apple,iPhone,0
B0CZRJMN8G,29.99,29.99,4.5,25,1,29.99,FALSE,FALSE,TRUE,In Stock,FALSE,300+ bought in past month,FALSE,big button phone for seniors corded landline telephone with handsfree function and 9 groups of memory one touch dialling suitable people with vision disorders/hearing damage ex ld 858hf ,Not Famous brand,Other,0
B086H3HH5V,107.99,119.99,4.4,16748,4,61.03,FALSE,FALSE,TRUE,In Stock,FALSE,Typical: ,TRUE,moto e unlocked made for us by motorola 2/32gb 13mp camera 2020 blue,Motorola,Smartphone,10.0008334
B0CGVM1TBK,29.99,29.99,4,148,2,28.95,FALSE,FALSE,TRUE,In Stock,FALSE,300+ bought in past month,FALSE,landline phone big button phone for seniors telephone can one touch dialling with 9 piction suitable for people with vision disorders/hearing damage corded phone can be used for home office,Not Famous brand,Home Phone,0
B008UZE0IU,22.4,23.86,4.1,1742,15,14.8,FALSE,FALSE,TRUE,In Stock,FALSE,100+ bought in past month,FALSE,vtech cd1113 corded phone for home office easy to use telephone with caller id/call waiting 13 speed dial keys no ac power required flash volume control hearing aid compatible wall mount black,VTech,Holder,6.119027661
B084CVPLLC,149.99,179.99,4.4,6645,5,89.95,FALSE,FALSE,TRUE,In Stock,FALSE,Typical: ,TRUE,moto g stylus 2020 unlocked made for us by motorola 4/128gb 48mp camera indigo,Motorola,Smartphone,16.66759264
B00BLVLHEU,38.58,38.58,4.4,2145,24,17.63,FALSE,FALSE,TRUE,In Stock,FALSE,100+ bought in past month,FALSE,vtech cs6629 dect 6.0 1 handset cordless answering system,VTech,Home Phone,0
B004KQDBKG,55,59.99,3.9,862,3,16.41,FALSE,FALSE,TRUE,In Stock,FALSE,50+ bought in past month,FALSE,panasonic kx ts880b integrated corded telephone black,Panasonic,Other,8.318053009
B0C6SLFZ1T,13.98,13.98,3.6,314,1,13.98,FALSE,FALSE,TRUE,In Stock,FALSE,200+ bought in past month,FALSE,corded phone for home durable landline phone with large buttons for seniors versatile mini phone for the home office and more black ,Not Famous brand,Home Phone,0
B09MMJWHDX,41,41,3,105,6,34.48,FALSE,FALSE,FALSE,In Stock,FALSE,200+ bought in past month,FALSE,tcl flip pro slate gray basic flip phone verizon ,TCL,Flip Phone,0
B08M46Q3C1,146.29,169.99,3.8,136,23,61.19,FALSE,FALSE,TRUE,In Stock,FALSE,100+ bought in past month,FALSE,panasonic office phone system corded base station with 4 lines expandable with up to 10 compatible panasonic business phones wirelessly kx tgw420b black ,Panasonic,Other,13.94199659
B0BQZP5XQP,9.99,9.99,3.4,349,1,9.99,FALSE,FALSE,TRUE,In Stock,FALSE,200+ bought in past month,FALSE,old style wall phone freely adjust the volume landline phone classic retro design landline phones for home wall phones for landline suitable for living room school home office black ,Not Famous brand,Home Phone,0
B0CSDWT13K,159.69,169.99,4.4,155,1,159.69,FALSE,FALSE,TRUE,In Stock,FALSE,300+ bought in past month,TRUE,xiaomi redmi note 13 4g lte 256gb + 8gb 6.67&quot; 108mp triple tmobile mint tello global global bands unlocked + fast car dual charger bundle midnightblack global rom ,Redmi,Charger,6.059179952
B0D5GJ5RFH,59.99,59.99,1.6,4,1,59.99,FALSE,FALSE,TRUE,In Stock,FALSE,50+ bought in past month,FALSE,x3 2024 new cheap 4g lte gsm unlocked android phones 6.0” cell phone 3000mah android phone 8mp smartphone 16gb dual sim for t mobile metro mint tello usa market face unlocked gold ,Not Famous brand,Smartphone,0
B0B7KNC1CM,64.99,64.99,4.1,1952,1,64.99,FALSE,FALSE,TRUE,In Stock,FALSE,50+ bought in past month,FALSE,smpl big button phone for seniors simple corded landline &amp; voip home telephone for elderly handicap alzheimer’s dementia hearing impaired 56011,Not Famous brand,Other,0
B001TK3DLS,23.04,23.04,4.1,2406,45,13.73,FALSE,FALSE,TRUE,In Stock,FALSE,100+ bought in past month,FALSE,at&amp;t tr1909b trimline corded phone with caller id black,Not Famous brand,Other,0
B0CQPBKCNH,27.99,37.99,3.9,178,3,25.93,FALSE,FALSE,TRUE,In Stock,FALSE,200+ bought in past month,FALSE,hellobaby dect 6.0 cordless phone with 2 handsets reliable 1000 ft range cordless home phone with caller id/call waiting call block phones landline cordless with blue backlit display hb2688 2,Not Famous brand,Home Phone,26.3227165
B0CH9P3HYW,89.95,109.95,4.2,918,2,56.58,FALSE,FALSE,TRUE,In Stock,FALSE,List: ,FALSE,vtech is8251 business grade expandable cordless phone for home office 5&quot; color display programmable short cut keys smart call blocking answering system bluetooth connect to cell,VTech,Home Phone,18.1900864
B07DVTRK72,18.98,29.98,3.8,1235,1,18.98,FALSE,FALSE,TRUE,In Stock,FALSE,100+ bought in past month,FALSE,y043 corded landline telephone for home caller id/call waiting easy to use speaker display desk phone only off white ,Not Famous brand,Other,36.69112742
B0D749T6DG,199.99,199.99,4.5,29,1,199.99,FALSE,FALSE,TRUE,In Stock,TRUE,50+ bought in past month,FALSE,gabb phone 4 pro the safe phone built for teens no social media/internet gps tracking parental controls talk &amp; text safe messaging safe video calls 30 activation fee,Not Famous brand,Other,0
B0CK2RLX1N,184.95,219,4,69,1,184.95,FALSE,FALSE,FALSE,Only 1 left in stock - order soon.,FALSE,Typical price: ,TRUE,motorola edge + plus 2022 us version 5g smartphone with android 12.0 8 gb memory 50mp camera 4800mah more than all day battery life unlocked phone 128gb cosmos blue renewed ,Motorola,Smartphone,15.54794521
B0CJ7VVD3X,68.99,68.99,3.2,36,1,68.99,FALSE,FALSE,TRUE,In Stock,FALSE,50+ bought in past month,FALSE,x1 2024 new 4g lte gsm unlocked cell phone 6.5” hd+ screen mobile phones 4000mah android 10 smart phone 16mp smartphone dual sim for t mobile metro mint tello usa market face unlock black ,Not Famous brand,Smartphone,0
B09SM6GR4B,179.99,179.99,4.2,2671,9,79.99,FALSE,FALSE,FALSE,In Stock,FALSE,More Buying Choices,TRUE,moto g power 2022 3 day battery unlocked made for us by motorola 4/128gb 50 mp camera ice blue,Motorola,Smartphone,0
B0016ALH32,19.99,19.99,4.2,211,3,17.2,FALSE,FALSE,TRUE,In Stock,TRUE,200+ bought in past month,FALSE,xl88q easy to use one piece telephone with ring/in use light indicator extra loud extra clear volume boost for busy settings elderly &amp; teenagers corded landline telephone pack of 1,Not Famous brand,Other,0
B0D8B4HNNX,199.99,199.99,4.6,39,1,199.99,FALSE,FALSE,TRUE,Only 18 left in stock - order soon.,FALSE, Normal or Less then normal sales ,FALSE,oukitel g1 rugged smartphone unlocked 24+256gb/1tb android 14 rugged cellphones 6.52” hd display 48mp rear camera 10600mah battery ip68/ip69k waterproof phone dual sim/nfc/fingerprint 2024,Not Famous brand,Smartphone,0
B0CNPHHTM3,39.99,42.99,3.9,300,3,34.74,FALSE,FALSE,TRUE,In Stock,FALSE,100+ bought in past month,FALSE,hellobaby dect 6.0 cordless phone with 2 handsets advanced call block expandable cordless phone with trilingual caller id/call waiting full duplex handset speakerphone reliable 1000ft range,Not Famous brand,Home Phone,6.978367062
B074VFRKZG,120,120,3.9,285,5,109.95,FALSE,FALSE,TRUE,In Stock,FALSE,More Buying Choices,FALSE,motorola moto x4 factory unlocked phone 32gb 5.2&quot; super black pa8s0006us,Motorola,Smartphone,0
B0BYJJYLJ8,40.93,40.93,4.1,1899,17,36.71,FALSE,FALSE,TRUE,Only 5 left in stock - order soon.,FALSE,500+ bought in past month,FALSE,vtech ls6381 2 bluetooth speaker with echo cancellation noise reduction music streaming pc/landline/cellular calls paired with dect6.0 cordless handset answering system smart call blocker black,VTech,Home Phone,0
B0C5CJFVVD,199,199,3.9,1604,5,150,FALSE,FALSE,TRUE,Only 5 left in stock - order soon.,FALSE,More Buying Choices,TRUE,samsung galaxy s20 fe 5g 128gb 6gb 6.5&quot; amoled snapdragon 865 volte fully unlocked for t mobile at&amp;t verizon global g781u1 w/wireless charger navy renewed ,Samsung,Charger,0
B099NZRSND,82.85,97.99,4.3,162,8,73.99,FALSE,FALSE,FALSE,In Stock,TRUE,Typical price: ,FALSE,motorola one 5g uw 128gb oxford blue for verizon renewed ,Motorola,Smartphone,15.45055618
B0D1C7N13W,17.99,29.99,3.4,6,1,17.99,FALSE,FALSE,TRUE,In Stock,FALSE,List: ,TRUE,at&amp;t essentials edge pro case cell phone accessories with drop protection for apple iphone clear edge iphone 15/14/13 ,Not Famous brand,iPhone,40.01333778
B0016CVUR8,12.98,15.8,4.3,1079,8,12,FALSE,FALSE,TRUE,In Stock,FALSE,100+ bought in past month,FALSE,hamburger cheeseburger burger phone telephone in juno telephone ,Not Famous brand,Other,17.84810127
B00R2K4LCY,11.99,11.99,4.4,53768,4,8.89,FALSE,FALSE,TRUE,In Stock,FALSE,200+ bought in past month,FALSE,scosche magwsm2 magicmount magnetic suction cup mount for car windshield or dashboard 360° adjustable magnet head universal cell phone holder for car compatible with iphone samsung &amp; all devices,Not Famous brand,Holder,0
B09GKPDCVW,161.23,179.99,4.2,155,31,95,FALSE,FALSE,FALSE,Only 11 left in stock - order soon.,FALSE,200+ bought in past month,FALSE,yealink w76p ip dect phone bundle w56h with w70 base,Not Famous brand,Other,10.42280127
B0CNT2N5LK,65.99,65.99,3,165,1,65.99,FALSE,FALSE,TRUE,In Stock,FALSE, Normal or Less then normal sales ,TRUE,unlocked smartphone 6.3 inch hd display android10.0 dual sim dual cameras 1gb ram+16gb rom expandable to 128gb support: wifi bluetooth gps 3g mobile phones black ,Not Famous brand,Smartphone,0
B09GKXZCWY,326,539.99,3.9,313,4,214.99,FALSE,FALSE,FALSE,Only 3 left in stock - order soon.,TRUE,50+ bought in past month,FALSE,samsung galaxy z flip 3 5g factory unlocked android cell phone us version smartphone flex mode intuitive camera compact 128gb storage us warranty green renewed ,Samsung,Flip Phone,39.62851164
B094XLBK47,144,144,4.1,103,9,134,FALSE,FALSE,TRUE,In Stock,TRUE,More Buying Choices,FALSE,samsung galaxy a51 5g a516u 128gb single sim android smartphone prism crush blue verizon locked renewed ,Samsung,Smartphone,0
B0CNNNYPPR,199.95,199.95,4.2,23,2,84.55,FALSE,FALSE,FALSE,In Stock,FALSE,100+ bought in past month,FALSE,kyocera new e4830 duraxe epic at&amp;t/unlocked firstnet flip smart phone 16gb rugged ptt wi fi lte black us warranty no verizon,Not Famous brand,Flip Phone,0
B073FLYQZ5,195.24,195.24,4.3,951,1,195.24,FALSE,FALSE,FALSE,In Stock,FALSE,100+ bought in past month,FALSE,panasonic kx tgm420w + 1 kx tgma44w amplified cordless phone with digital answering machine and voice volume booster upto 40 db 2 handsets ,Panasonic,Home Phone,0
B0D8765X3Q,65.95,65.95,4.5,19,3,45.77,FALSE,FALSE,TRUE,In Stock,FALSE,100+ bought in past month,FALSE,vtech 3 handset cordless phone with answering machine with large display and big buttons caller id full duplex speakerphone last 10 number redial easy to use vg232 3,VTech,Home Phone,0
B0CH7Q92J8,79.99,84.99,3.7,400,1,79.99,FALSE,FALSE,TRUE,In Stock,FALSE,400+ bought in past month,FALSE,nuu a23plus basic cell phone for at&amp;t t mobile cricket mint mobile metro 64g/3gb 6.3&quot; 4g lte q link hello mobile dual sim black 365 days us warranty with detachable &amp; replaceable battery,Not Famous brand,Smartphone,5.883045064
B0CMTLGC9W,31.99,39.99,4.2,1373,3,26.93,FALSE,FALSE,TRUE,In Stock,FALSE,4K+ bought in past month,FALSE,kids smart phone for girls christmas birthday gifts for girls age 3 10 kids toys cell phone 2.8&quot; touchscreen toddler learning play toy phone with dual camera game music player 8g sd card purple ,Not Famous brand,Smartphone,20.00500125
B0BYL93774,541.06,579,4.2,776,6,511.67,FALSE,FALSE,TRUE,In Stock,FALSE,500+ bought in past month,TRUE,apple iphone 14 128gb midnight unlocked renewed premium ,Apple,iPhone,6.552677029
B075Q15QBW,70,70,3.5,294,5,14.97,FALSE,FALSE,TRUE,In Stock,FALSE,More Buying Choices,FALSE,zte cymbal 4g lte speed &quot;verizon prepaid&quot; cell phone silver,Not Famous brand,Smartphone,0
B09D55BNYB,66.89,77,4,119,10,62.22,FALSE,FALSE,FALSE,Only 2 left in stock - order soon.,TRUE,Typical price: ,FALSE,motorola moto g stylus 128gb mystic indigo from verizon renewed ,Motorola,Smartphone,13.12987013
B0CYGZFC54,39.99,39.99,2.7,26,1,39.99,FALSE,FALSE,TRUE,In Stock,FALSE,200+ bought in past month,FALSE,mini phone 2.5 inch 3g mini smartphone 2gb ram 16gb rom backup cellphone lightweight 5mp student cellphone unlocked quad core,Not Famous brand,Smartphone,0
B0DCJRJDZS,99.99,109.99,5,3,1,99.99,FALSE,FALSE,FALSE,In Stock,FALSE,50+ bought in past month,FALSE,a23 unlocked android phone 6.7 inch hd lcd unlocked cell phone 6gb+128gb android 13 smartphone 5500 mah large battery unlocked phone 50mp+13mp camera 4g dual sim black ,Not Famous brand,Smartphone,9.091735612
B0C5BHVCSJ,72.99,99,3.9,291,17,69.94,FALSE,FALSE,TRUE,Only 1 left in stock - order soon.,FALSE,400+ bought in past month,FALSE,motorola moto g play 2023 3 day battery unlocked made for us 3/32gb 16mp camera navy blue renewed ,Motorola,Smartphone,26.27272727
B08HC5GMK2,83,83,4,1194,16,69.99,FALSE,FALSE,FALSE,Only 8 left in stock - order soon.,TRUE,100+ bought in past month,FALSE,samsung galaxy a11 32gb a115u fully unlocked smartphones renewed ,Samsung,Smartphone,0
B0CN6Q9D6T,49.99,79.99,3.8,299,1,49.99,FALSE,FALSE,TRUE,In Stock,FALSE,300+ bought in past month,FALSE,agm m9 rugged basic cell phone 4g feature phone simple mobile phones waterproof drop proof large buttons large font speed dial 3 card slots fm radio w/flashlight 1000mah for t mobile only,Not Famous brand,Smartphone,37.50468809
B07P936C7F,202,359,3.7,93,25,164.35,FALSE,FALSE,FALSE,Only 10 left in stock - order soon.,FALSE,List: ,FALSE,yealink sip t57w ip phone corded/cordless corded/cordless wi fi bluetooth wall mountable desktop classic gray,Not Famous brand,Home Phone,43.73259053
B0BWJKXM2M,13.89,13.89,3.8,144,1,13.89,FALSE,FALSE,TRUE,In Stock,FALSE, Normal or Less then normal sales ,FALSE,corded phone landline phone for home mini phone use hd call ic chip used in hotel/office/bank call center black ,Not Famous brand,Home Phone,0
B0BPN14LQG,125,134,4.1,309,19,103.9,FALSE,FALSE,FALSE,Only 1 left in stock - order soon.,FALSE,300+ bought in past month,FALSE,samsung galaxy a23 5g sm a236u factory unlocked 64gb black renewed ,Samsung,Smartphone,6.71641791
B0CFB7W1W2,49.88,49.88,3.8,99,10,43.89,FALSE,FALSE,TRUE,In Stock,FALSE,50+ bought in past month,FALSE,total by verizon motorola moto g play 32gb black prepaid smartphone locked ,Not Famous brand,Smartphone,0
B0CLM9X2PP,117.99,117.99,4.2,133,4,117.7,FALSE,FALSE,TRUE,Only 6 left in stock - order soon.,FALSE,200+ bought in past month,FALSE,xiaomi redmi 13c 4g lte 128gb + 4gb factory unlocked global rom gsm 6.74&quot; 50mp triple camera tello mint &amp; global + free fast car charger midnight black global rom midnight black global rom ,Redmi,Charger,0
B09Q98BRRN,89,89,3.8,1819,2,67.17,FALSE,FALSE,TRUE,In Stock,FALSE,200+ bought in past month,FALSE,samsung galaxy a03 core sm a032/ds dual sim 32gb/ 2gb ram gsm unlocked international version no warranty black,Samsung,Smartphone,0
B00ZYHA1KI,75,75,4.3,1603,4,59.99,FALSE,FALSE,TRUE,In Stock,FALSE,300+ bought in past month,FALSE,hamilton captel 2400i captioned telephone large touch screen captioned telephone with 40db amplification,Not Famous brand,Other,0
B099N3XGP7,131.88,139.95,4.3,3777,3,62.01,FALSE,FALSE,TRUE,In Stock,FALSE,200+ bought in past month,FALSE,at&amp;t cl83507 dect 6.0 5 handset cordless phone for home with dual keypad base answering machine call blocking caller id announcer intercom and long range silver/black,Not Famous brand,Home Phone,5.766345123
B07MZDNBDJ,22.99,22.99,3.2,3283,1,22.99,FALSE,FALSE,TRUE,In Stock,FALSE,300+ bought in past month,TRUE,blu z5 gsm unlocked dual sim black,BLU,Smartphone,0
B0CLLV68VK,283.69,283.69,4.6,934,1,283.69,FALSE,FALSE,TRUE,Only 11 left in stock - order soon.,FALSE,300+ bought in past month,TRUE,xiaomi redmi note 13 pro 5g + 4g lte 256gb + 8gb 6.67&quot; 200mp triple tmobile mint tello &amp; global global bands unlocked + fast car dual charger bundle midnight black global rom ,Redmi,Charger,0
B09PFC2DVD,169,169,4.2,2396,5,109.99,FALSE,FALSE,TRUE,Only 12 left in stock - order soon.,FALSE,50+ bought in past month,TRUE,motorola moto g stylus 2022 2 day battery unlocked made for us by motorola 6/128gb 50mp camera twilight blue,Motorola,Smartphone,0
B08MV7HWFK,154.31,284.99,3.9,2306,7,134.99,FALSE,FALSE,FALSE,Only 6 left in stock - order soon.,TRUE,200+ bought in past month,TRUE,google pixel 5 5g us version 128gb just black unlocked renewed ,Pixel,Smartphone,45.8542405
B09478TZZY,209.95,209.95,4,1729,5,164.95,FALSE,FALSE,FALSE,In Stock,TRUE,More Buying Choices,TRUE,samsung galaxy s21 5g us version 128gb phantom violet at&amp;t renewed ,Samsung,Smartphone,0
B0CHH83K3W,49.65,49.65,3.9,292,4,49.27,FALSE,FALSE,TRUE,In Stock,FALSE,100+ bought in past month,FALSE,total by verizon motorola moto g pure locked 32gb 4000 mah battery 13 mp dual camera system 6.5&quot; max vision hd+ display blue,Not Famous brand,Smartphone,0
B086W923PZ,27.98,32.98,3.8,1414,1,27.98,FALSE,FALSE,TRUE,In Stock,FALSE,50+ bought in past month,FALSE,d1005 cordless phone for home eco technology caller id speakerphone single pack black ,Not Famous brand,Home Phone,15.16070346
B0D5PFR7DK,399.99,399.99,4.3,48,2,335.99,FALSE,FALSE,TRUE,In Stock,FALSE,300+ bought in past month,FALSE,moto g stylus 5g 2024 unlocked made for us 8/256gb 50mp camera scarlet wave,Motorola,Smartphone,0
B0D8VXV8RM,39.99,39.99,4.4,31,1,39.99,FALSE,FALSE,TRUE,In Stock,FALSE, Normal or Less then normal sales ,FALSE,kids smart phone toys cell phone for boys girls toddlers baby childrens 3 8 years old with camera touchscreen for birthday,Not Famous brand,Smartphone,0
B0CH964JZ8,71.99,119.99,4,1857,3,65.35,FALSE,FALSE,TRUE,In Stock,FALSE,500+ bought in past month,FALSE,lively jitterbug smart4 smartphone for seniors cell phone for seniors not compatible with other wireless carriers must be activated phone plan,Not Famous brand,Smartphone,40.00333361
B0B4F4DH6H,114.28,129.99,4.2,539,2,41.84,FALSE,FALSE,TRUE,In Stock,FALSE,50+ bought in past month,FALSE,panasonic expandable corded phone system bluetooth pairing for wireless headphones and hearing aids smart call block kx tgf892b black 2 cordless + 1 corded handset pack of 1 ,Panasonic,Home Phone,12.08554504
B0D6Z95D5K,119.99,119.99,5,1,1,119.99,FALSE,FALSE,TRUE,In Stock,FALSE, Normal or Less then normal sales ,TRUE,motorola moto g04 xt2421 2 dual sim factory gsm unlocked 4+128gb 6.56&quot; 90hz lcd display 16mp camera international model green ,Motorola,Smartphone,0
B0C9LPCS42,689.99,689.99,4.5,224,6,640.28,FALSE,FALSE,FALSE,In Stock,FALSE,More Buying Choices,TRUE,nothing phone 2 512 gb + 12 gb ram glyph interface os 2.0 50 mp dual camera ois 6.7” ltpo oled display 4700mah battery water resistant ip54 lte gsm only android phone dark grey,Not Famous brand,Smartphone,0
B0CY8Q7V4S,255,255,4.2,51,11,244.97,FALSE,FALSE,TRUE,Only 19 left in stock - order soon.,FALSE,100+ bought in past month,FALSE,samsung galaxy a35 5g a356e 128gb dual sim gsm unlocked android smartphone latin variant/us compatible lte awesome ice blue,Samsung,Smartphone,0
B07ZR9YHPY,34.67,34.67,4.2,290,22,13.98,FALSE,FALSE,TRUE,In Stock,FALSE,100+ bought in past month,FALSE,vtech at2909/cl2909 corded speakerphone,VTech,Headphones,0
B0D7HWR5QG,1199,1199,4.3,41,3,1151.04,FALSE,FALSE,TRUE,In Stock,FALSE,300+ bought in past month,FALSE,google pixel 9 pro xl unlocked android smartphone with gemini triple rear camera system 24 hour battery and 6.8&quot; super actua display obsidian 256 gb,Pixel,Smartphone,0
B0CV73SG4Z,993.9,993.9,4.3,43,1,993.9,FALSE,FALSE,FALSE,In Stock,FALSE,200+ bought in past month,FALSE,samsung galaxy s24 ultra 5g s9280 physical dual sim 512gb 12gb ram ai smartphone factory unlocked global model long battery life titanium violet,Samsung,Smartphone,0
B003DNSA6M,199.99,199.99,4.3,115,2,69.94,FALSE,FALSE,FALSE,In Stock,FALSE,More Buying Choices,FALSE,xblue add on phone for x16 office phone system xb1670 00 charcoal ,Not Famous brand,Other,0
B0DCFYC1N9,99.99,99.99,3.5,7,1,99.99,FALSE,FALSE,TRUE,In Stock,FALSE, Normal or Less then normal sales ,FALSE,k60 unlocked 5g smart phone 2024 android 13 cell phone 8gb+256gb 8 core smart phones 6.7&quot; hd screen 24mp+64mp camera 6800mah battery standby 5g dual sim cell phone with android phone azure ,Not Famous brand,Smartphone,0
B08CHRHFRL,57,79.9,3.9,359,25,49,FALSE,FALSE,TRUE,In Stock,TRUE,100+ bought in past month,FALSE,samsung galaxy a01 16gb black verizon renewed ,Samsung,Smartphone,28.66082603
B08XJVZT4R,128,128,4,320,4,119.9,FALSE,FALSE,TRUE,Only 13 left in stock - order soon.,TRUE,More Buying Choices,TRUE,oneplus nord n10 5g unlocked midnight ice​ 6gb ram + 128gb storage us version renewed ,OnePlus,Smartphone,0
B07RBMP5V4,34.98,38.98,4,1645,1,34.98,FALSE,FALSE,TRUE,In Stock,FALSE,50+ bought in past month,FALSE,sangyn retro wall phones for landline with mechanical ringer corded telephone wall mounted with indicator waterproof old style landline phones for home kitchen red,Not Famous brand,Home Phone,10.26167265
B0BCF3YGGF,249.99,270,4.1,142,11,219,FALSE,FALSE,FALSE,In Stock,FALSE,200+ bought in past month,FALSE,samsung galaxy s22 5g 128gb 8gb 6.2&quot; 120hz 50mp 4k camera fully unlocked us &amp; global s901u1 w/ 25w super fast charge cube black renewed ,Samsung,Smartphone,7.411111111
B08PMLLQ6P,229.72,229.72,3.4,186,6,125.99,FALSE,FALSE,FALSE,In Stock,FALSE,50+ bought in past month,FALSE,samsung galaxy a71 5g 128gb 6gb 6.7&quot; amoled+ snapdragon 765g 4500mah battery global 5g volte gsm at&amp;t unlocked t mobile metro straight talk us warranty a716u prism cube black ,Samsung,Smartphone,0
B07CCNTHYH,59.99,62.99,3.8,161,4,39,FALSE,FALSE,TRUE,Only 11 left in stock - order soon.,FALSE,Typical: ,FALSE,alcatel 1 5033j unlocked smartphone dual sim 5&quot; 18:9 display android oreo go edition 8mp rear camera 4g lte works worldwide &amp; in the u.s gsm carriers black,Alcatel,Smartphone,4.76266074
B0BJH9DSDV,69.99,69.99,3.5,77,3,49.99,FALSE,FALSE,TRUE,In Stock,TRUE,Shop products from small business brands sold in Amazon’s store. Discover more about the small businesses partnering with Amazon and Amazon’s commitment to empowering them.,FALSE,simbros unlocked flip 4 at&amp;t smartflip iv u102aa 4g 4gb phone works with at&amp;t t mobile &amp; cricket not good for verizon simkey,Not Famous brand,Flip Phone,0
B0D41Q7FBN,199.99,199.99,4.2,15,2,101.15,FALSE,FALSE,TRUE,Only 2 left in stock - order soon.,FALSE,More Buying Choices,FALSE,doogee n55 plus android 14 cell phone unlocked 2024 20gb+128gb/tf 1tb 5150mah battery octa core unlocked phone 6.56&quot;+90hz display dual camera/dual sim 4g smartphones with face id &amp; otg black ,Not Famous brand,Smartphone,0
B09P3LLRGG,29.99,29.99,3.9,284,2,21.99,FALSE,FALSE,TRUE,In Stock,FALSE,200+ bought in past month,FALSE,it can edit 9 one touch memory speed dialing and images elderly image phone phone for patients with alzheimer&#x27;s disease and enlarged phone for patients with hearing impairment,Not Famous brand,Other,0
B0D8PN6CPQ,14.99,24.99,4.6,4022,1,14.99,FALSE,FALSE,TRUE,In Stock,TRUE,500+ bought in past month,FALSE,tocol 3 in 1 magnetic for iphone 16 case upgraded full camera protection compatible with magsafe 16ft drop protection translucent matte back bumper phone cover 6.1 inch（black）,Not Famous brand,Case,40.0160064
B0D3F44F6B,34.99,34.99,4.7,123,1,34.99,FALSE,FALSE,TRUE,In Stock,FALSE,500+ bought in past month,FALSE,toneof 66&quot; automatic tripod auto open phone tripod stand with magnetic rechargable remote 360° vertical &amp; horizontal rotatable travel tripod stable cell phone tripod for iphone/android（black）,Not Famous brand,Tripod,0
B0CJ8YT4K5,39,39,4.6,47,1,39,FALSE,FALSE,TRUE,In Stock,FALSE,50+ bought in past month,FALSE,power charger 3 in 1 65w gan type c charger fast charging wall charger all round protection usb c charger block for nothing phone and ipad pro iphone 12/13/14/15 galaxy s,Not Famous brand,Charger,0
B0D1CWR48M,139,139,4.7,4,1,139,FALSE,FALSE,TRUE,In Stock,FALSE, Normal or Less then normal sales ,FALSE,prepaid usa sim card 25gb/365 day 4g lte &amp; 5g on verizon t mobile &amp; att data only sim card for unlocked iot device compatible with cell phones gps tracker security trail camera,Not Famous brand,Smartphone,0
B0D3WTGSJY,15.99,15.99,4.4,82,1,15.99,FALSE,FALSE,TRUE,In Stock,FALSE,500+ bought in past month,FALSE,ring light [3 color 5 brightness &amp; timer] 3.5&#x27;&#x27; small video conference lighting clip on monitor laptop ipad phone usb plug dimmable selfie light for working meeting youtube/tiktok content creator,Not Famous brand,Other,0
B0DDY54XPY,135.99,135.99,3.6,104,1,135.99,FALSE,FALSE,TRUE,In Stock,FALSE, Normal or Less then normal sales ,FALSE,umidigi f3 8gb+128gb unlocked cell phone nfc android11 6.7inch hd full screen 5150mah battery smartphone with 48mp ai triple camera 18w fast charging dual sim,Not Famous brand,Smartphone,0
B0D5CVTSZ1,27.49,29.94,4.6,38,1,27.49,FALSE,FALSE,TRUE,In Stock,FALSE,300+ bought in past month,FALSE,magnetic neck mount for phones hands free pov/vlog selfie mount flexible neck phone holder for recording magnetic phone chest mount for iphone 15 14 13 12 seires and all smartphones,Not Famous brand,Holder,8.183032732
B0CZ3YPSRX,99.99,99.99,4.7,8,1,99.99,FALSE,FALSE,TRUE,In Stock,FALSE, Normal or Less then normal sales ,FALSE,gimbal stabilizer for smartphone 3 axis phone gimbal portable and foldable with ai tracking sensor magnetic fill light gimbal stabilizer for iphone &amp; android phone stabilizer for video recording,Not Famous brand,Smartphone,0
B0CHB24KQJ,39.99,45.99,4.4,2589,1,39.99,FALSE,FALSE,TRUE,In Stock,FALSE,50+ bought in past month,FALSE,[true military grade] car phone holder【2024 stronger suction &amp; clip】 universal cell phone holder for car mount for dashboard windshield air vent long arm cell phone car mount thick case purple,Not Famous brand,Holder,13.04631442
B01LXOPZ4W,273,273,4.1,45,1,273,FALSE,FALSE,FALSE,In Stock,FALSE, Normal or Less then normal sales ,FALSE,wall mount cell phone charging shelf multi device station with 8 ports compatible with apple iphone ipad samsung android tablets and more! 18&quot; x 9&quot; ,Not Famous brand,Holder,0
B0CXPJK7F7,29.99,29.99,4.6,29066,1,29.99,TRUE,FALSE,TRUE,In Stock,FALSE,300+ bought in past month,FALSE,sensyne 92&quot; cell phone tripod selfie stick tripod with 16.5&quot; flexible gooseneck overhead phone stand for video recording photography compatible with phone camera,Not Famous brand,Tripod,0
B0CQ237PFS,45.95,69.95,4.4,672,1,45.95,FALSE,FALSE,TRUE,In Stock,FALSE,3K+ bought in past month,FALSE,portable charger 33800mah usb c power bank with built in cables &amp; ac wall plug 25w fast charging+qc 4.0 phone charger 4 output lcd display battery pack compatible with iphone15/14 samsung android etc,Not Famous brand,Charger,34.31022159
